ALABAMA	Total			1	0	0	0	0	
	Cities			1	0	0	0	0	
		Atmore	4	1	0	0	0	0	7,598
ALASKA	Total			4	0	2	0	0	
	Cities			4	0	2	0	0	
		Anchorage	4	4	0	2	0	0	277,692
ARIZONA	Total			52	30	28	38	1	
	Cities			46	26	26	31	1	
		Apache Junction	4	1	0	0	0	0	33,532
		Bullhead City	1	0	0	0	1	0	40,596
		Chandler	4	7	0	0	0	0	243,919
		Coolidge	4	1	0	0	0	0	8,466
		Eagar	4	1	0	0	0	0	4,284
		Flagstaff	4	1	0	0	0	0	59,585
		Gilbert	4	1	1	1	0	0	180,640
		Glendale	4	4	0	1	3	0	248,587
		Kingman	4	2	0	1	2	0	26,524
		Marana	3	1	0	0	1	0	27,096
		Mesa	1	3	0	0	0	0	459,705
		Peoria	4	2	0	0	2	0	143,483
		Phoenix	4	17	13	14	15	1	1,517,443
		Prescott	4	0	3	0	0	0	41,903
		Prescott Valley	4	0	0	0	1	0	34,332
		Show Low	4	4	2	2	1	0	10,382
		Tempe	4	1	4	1	1	0	167,303
		Tucson	4	0	3	5	3	0	535,232
		Yuma	4	0	0	1	1	0	87,925
	Universities and Colleges			1	3	1	6	0	
		Arizona State University, Main Campus	4	1	0	0	0	0	
		University of Arizona	4	0	3	1	6	0	
	Metropolitan Counties			5	1	1	1	0	
		Maricopa	3	2	0	0	1	0	
		Mohave	4	2	0	0	0	0	
		Pima	4	1	1	1	0	0	
ARKANSAS	Total			91	3	11	6	2	
	Cities			73	3	11	4	1	
		Atkins	4	13	0	0	0	0	2,923
		Centerton	4	0	0	0	1	0	5,540
		Crossett	4	1	0	0	0	0	5,868
		Dardanelle	4	0	0	0	0	1	4,386
		De Queen	4	1	0	0	0	0	6,021
		De Witt	4	1	0	0	0	0	3,453
		El Dorado	4	1	0	0	0	0	20,701
		Eureka Springs	4	0	0	1	0	0	2,377
		Fayetteville	4	2	0	0	0	0	67,416
		Fordyce	4	2	0	0	0	0	4,459
		Fort Smith	4	2	1	0	1	0	83,422
		Gentry	4	2	0	0	1	0	2,643
		Glenwood	4	5	0	0	0	0	2,080
		Greers Ferry	4	2	0	0	0	0	977
		Gurdon	4	1	0	0	0	0	2,258
		Heber Springs	4	2	0	0	0	0	7,096
		Helena-West Helena	4	7	0	0	0	0	13,718
		Hot Springs	4	1	0	0	1	0	38,279
		Jonesboro	4	4	0	2	0	0	60,035
		Judsonia	3	1	0	0	0	0	2,111
		Luxora	4	1	0	0	0	0	1,257
		Magnolia	4	0	0	5	0	0	10,598
		Monticello	4	2	0	0	0	0	9,433
		North Little Rock	4	1	0	2	0	0	59,474
		Paragould	4	5	1	0	0	0	24,046
		Pea Ridge	4	3	0	0	0	0	3,382
		Sheridan	4	1	0	0	0	0	4,399
		Sherwood	4	4	0	1	0	0	23,413
		Trumann	4	4	1	0	0	0	7,001
		Tuckerman	4	2	0	0	0	0	1,741
		Warren	4	1	0	0	0	0	6,334
		Wynne	4	1	0	0	0	0	8,667
	Universities and Colleges			1	0	0	0	0	
		Arkansas State University, Jonesboro	4	1	0	0	0	0	
	Metropolitan Counties			12	0	0	1	0	
		Benton	4	2	0	0	1	0	
		Cleveland	4	1	0	0	0	0	
		Madison	4	1	0	0	0	0	
		Perry	4	8	0	0	0	0	
	Nonmetropolitan Counties			5	0	0	1	1	
		Dallas	4	2	0	0	0	0	
		Izard	4	1	0	0	0	0	
		Mississippi	4	0	0	0	1	0	
		Newton	3	0	0	0	0	1	
		White	4	2	0	0	0	0	
CALIFORNIA	Total			597	204	246	247	3	
	Cities			494	180	223	194	2	
		Agoura Hills	4	2	1	0	0	0	22,970
		Alameda	4	0	1	0	0	0	71,212
		Albany	4	1	0	0	0	0	16,138
		Aliso Viejo	4	0	0	0	1	0	41,915
		Anaheim	4	0	2	3	0	1	334,792
		Antioch	4	1	0	0	0	0	101,537
		Arcata	4	1	1	0	0	0	17,066
		Artesia	4	1	0	0	0	0	16,822
		Atascadero	4	0	0	0	1	0	27,374
		Atwater	4	1	0	0	0	0	27,351
		Avalon	4	0	1	0	0	0	3,364
		Azusa	4	2	0	0	0	0	47,544
		Bakersfield	4	5	1	2	0	0	298,198
		Baldwin Park	4	0	0	0	1	0	79,571
		Bell	4	0	1	0	0	0	37,859
		Bellflower	4	1	0	0	0	0	75,242
		Belmont	4	0	1	0	0	0	24,743
		Berkeley	4	3	4	3	0	0	101,651
		Beverly Hills	4	1	2	0	1	0	35,394
		Big Bear Lake	4	1	0	0	0	0	6,213
		Bishop	4	0	1	0	0	0	3,638
		Brea	4	1	0	2	0	0	38,811
		Brentwood	4	1	0	0	0	0	44,188
		Burbank	4	0	2	0	1	0	105,046
		Burlingame	4	0	1	0	0	0	27,627
		Calabasas	4	0	3	0	0	0	22,105
		Calexico	4	1	0	1	0	0	36,329
		Calimesa	4	1	0	0	0	0	7,558
		Camarillo	4	1	5	1	1	0	62,131
		Canyon Lake	4	1	0	0	0	0	11,389
		Carson	4	3	0	0	0	0	94,801
		Cerritos	4	0	0	1	0	0	53,034
		Chico	4	1	0	1	0	0	72,070
		Chino	4	5	1	1	1	0	78,277
		Chino Hills	4	1	0	0	0	0	76,404
		Chula Vista	4	1	1	0	0	0	212,393
		Claremont	4	3	3	0	2	0	35,499
		Clovis	4	1	1	0	1	0	87,306
		Colton	4	1	0	0	0	0	51,812
		Compton	4	1	0	0	1	0	96,520
		Concord	4	1	2	0	4	0	124,362
		Corona	4	5	1	0	1	0	150,732
		Costa Mesa	4	1	1	1	0	0	110,819
		Cotati	4	0	1	0	0	0	7,202
		Covina	4	2	0	0	0	0	48,281
		Cudahy	4	0	0	1	1	0	25,229
		Daly City	4	0	0	0	1	0	101,243
		Davis	4	2	1	2	0	0	61,256
		Diamond Bar	4	2	0	0	0	0	58,497
		Duarte	4	3	0	0	0	0	22,394
		El Cajon	4	1	0	1	0	0	93,320
		El Cerrito	4	1	0	0	0	0	23,074
		El Monte	4	4	1	0	0	0	123,616
		El Segundo	4	1	1	0	0	0	16,666
		Encinitas	4	2	0	0	1	0	60,061
		Escondido	4	2	0	0	0	0	135,293
		Fairfield	4	1	0	3	0	0	105,417
		Folsom	4	4	0	0	0	0	66,202
		Fontana	4	0	0	0	1	0	165,336
		Fort Bragg	4	0	0	1	2	0	6,875
		Fountain Valley	4	3	4	0	1	0	56,446
		Fremont	4	0	0	1	0	0	202,273
		Fresno	4	3	0	3	1	0	465,269
		Fullerton	4	3	0	1	0	0	133,983
		Galt	4	1	0	0	0	0	23,382
		Gardena	4	1	0	0	0	0	60,430
		Garden Grove	4	4	0	1	4	0	167,571
		Glendale	4	2	2	1	11	0	201,867
		Glendora	4	3	0	0	0	0	50,995
		Half Moon Bay	4	1	0	1	0	0	12,313
		Hawaiian Gardens	4	3	0	0	0	0	15,537
		Hemet	4	7	0	2	3	0	68,676
		Hollister	4	1	0	0	1	0	36,265
		Huntington Beach	4	6	3	0	2	0	196,208
		Irvine	4	3	1	0	1	0	188,535
		Laguna Beach	4	1	0	0	0	0	24,344
		Laguna Hills	4	1	0	0	0	0	32,488
		Laguna Niguel	4	0	0	1	0	0	65,246
		La Habra Heights	4	0	0	0	1	0	6,024
		Lake Elsinore	4	1	0	0	0	0	39,612
		Lake Forest	4	1	0	0	0	0	77,100
		Lakewood	4	3	0	0	0	0	81,192
		La Mesa	4	3	0	0	0	0	53,559
		La Mirada	4	0	1	0	0	0	50,087
		Lancaster	4	6	2	0	0	0	135,239
		La Puente	4	1	0	0	0	0	42,138
		La Quinta	4	0	1	2	0	0	38,576
		La Verne	4	1	0	1	1	0	33,484
		Lawndale	4	2	0	0	0	0	32,483
		Lemon Grove	4	0	0	1	0	0	24,341
		Livermore	4	1	0	1	2	0	79,115
		Lodi	4	1	1	0	0	0	62,693
		Long Beach	4	18	1	2	4	0	478,283
		Los Alamitos	3	1	1	0	0	0	11,762
		Los Angeles	4	94	33	42	41	1	3,879,455
		Los Gatos	4	0	1	0	0	0	28,281
		Malibu	4	1	1	0	0	0	13,327
		Mammoth Lakes	4	1	0	0	0	0	7,220
		Manhattan Beach	4	2	1	1	0	0	36,810
		Manteca	4	1	1	0	1	0	63,215
		Marina	4	1	0	1	0	0	19,177
		Maywood	4	0	0	0	1	0	28,858
		Menlo Park	4	0	0	1	0	0	29,928
		Milpitas	4	1	0	0	0	0	63,954
		Mission Viejo	4	2	0	0	0	0	95,837
		Modesto	4	4	4	0	2	0	208,875
		Montclair	4	0	1	0	0	0	35,793
		Monterey Park	4	0	0	0	1	0	62,624
		Moorpark	4	1	0	0	0	0	36,167
		Moreno Valley	4	2	0	0	1	0	179,973
		Morgan Hill	4	1	0	0	0	0	35,166
		Mountain View	4	1	0	0	0	0	69,900
		National City	4	1	0	0	0	0	61,972
		Newark	4	1	0	2	0	0	42,334
		Newport Beach	4	2	0	0	0	0	80,553
		Norco	4	0	0	1	0	0	27,203
		Norwalk	4	5	0	0	0	0	106,787
		Novato	4	2	0	0	0	0	50,788
		Oakland	4	1	0	0	1	0	398,834
		Oceanside	4	4	0	2	2	0	167,604
		Ojai	4	0	1	0	0	0	8,017
		Ontario	4	2	0	0	0	0	174,234
		Orange	4	5	0	0	0	0	136,165
		Pacifica	4	2	0	0	0	0	37,426
		Palmdale	4	4	1	0	3	0	135,782
		Palm Desert	4	1	0	2	1	0	47,482
		Palm Springs	4	1	1	8	2	0	47,506
		Palo Alto	4	2	0	1	0	0	57,495
		Paramount	4	1	0	0	0	0	57,049
		Pasadena	4	5	2	1	6	0	145,025
		Patterson	4	1	0	0	0	0	15,640
		Perris	4	3	0	1	1	0	46,082
		Petaluma	4	1	0	0	1	0	55,340
		Pico Rivera	4	1	0	1	0	0	65,261
		Pismo Beach	4	0	1	1	0	0	8,495
		Pittsburg	4	1	0	0	0	0	63,110
		Placentia	4	1	1	0	0	0	50,243
		Pleasant Hill	4	0	0	0	1	0	33,452
		Pleasanton	4	1	0	0	0	0	66,544
		Pomona	4	4	1	1	0	0	155,172
		Poway	4	0	1	1	1	0	48,913
		Rancho Mirage	4	0	1	1	1	0	16,663
		Rancho Santa Margarita	4	0	1	1	0	0	51,138
		Red Bluff	4	2	0	0	0	0	14,186
		Redding	4	9	0	0	0	0	90,448
		Redondo Beach	4	0	0	1	0	0	67,426
		Redwood City	4	0	1	0	0	0	73,772
		Rialto	4	1	0	0	1	0	100,409
		Richmond	4	1	0	0	2	0	103,106
		Ridgecrest	4	3	0	0	0	0	26,208
		Riverbank	4	1	0	0	0	0	19,905
		Riverside	4	12	1	6	7	0	292,698
		Rohnert Park	4	2	0	0	0	0	41,471
		Rosemead	4	1	0	0	0	0	55,615
		Roseville	4	0	0	0	1	0	106,894
		Sacramento	4	14	4	13	6	0	460,552
		San Bernardino	4	2	0	0	0	0	200,338
		San Bruno	4	1	0	0	0	0	40,110
		San Clemente	4	1	0	0	0	0	60,777
		San Diego	4	16	10	18	11	0	1,266,847
		San Dimas	4	1	0	0	0	0	36,173
		San Francisco	4	25	20	38	11	0	746,085
		San Gabriel	4	2	0	0	0	0	41,426
		San Jose	4	13	5	6	5	0	920,548
		San Leandro	4	0	0	1	0	0	78,882
		San Luis Obispo	3	0	1	0	1	0	43,901
		San Marcos	4	1	0	2	0	0	74,149
		San Mateo	4	5	3	2	4	0	91,901
		San Pablo	4	1	0	0	0	0	31,283
		San Rafael	4	1	1	1	2	0	56,218
		Santa Ana	4	1	0	1	1	0	343,433
		Santa Barbara	4	2	0	1	0	0	86,673
		Santa Clara	4	0	0	0	1	0	106,351
		Santa Clarita	4	8	0	0	0	0	169,768
		Santa Cruz	4	3	3	7	0	0	55,253
		Santa Monica	4	0	1	1	0	0	88,591
		Santa Paula	4	1	0	0	2	0	28,734
		Santa Rosa	4	2	0	2	2	0	154,537
		Santee	4	6	0	0	2	0	52,777
		Simi Valley	4	1	3	0	1	0	119,756
		Sonoma	4	0	0	1	0	0	9,974
		Sonora	4	1	0	0	0	0	4,710
		South Lake Tahoe	4	1	0	0	0	0	24,232
		South San Francisco	4	0	0	0	1	0	61,282
		Stockton	4	3	0	1	1	0	289,510
		Suisun City	4	0	1	0	0	0	27,003
		Temecula	4	3	1	1	0	0	86,572
		Temple City	4	0	1	0	0	0	37,699
		Tulare	4	0	0	0	1	0	50,578
		Turlock	4	1	0	0	0	0	68,278
		Union City	4	4	0	0	0	0	69,799
		Upland	4	1	0	0	0	0	74,252
		Vacaville	4	3	1	0	3	0	93,822
		Ventura	4	3	1	1	0	0	104,954
		Visalia	4	3	1	1	0	0	109,648
		Vista	4	0	1	0	0	0	91,216
		Walnut Creek	4	1	2	0	0	0	64,774
		Watsonville	4	0	0	2	2	0	48,359
		Weed	4	1	0	0	0	0	3,142
		West Covina	4	1	2	1	1	0	109,159
		West Hollywood	4	0	0	4	0	0	37,063
		Westlake Village	4	1	0	0	0	0	8,662
		Westminster	4	1	2	0	1	0	90,329
		Wheatland	4	1	0	0	0	0	3,671
		Williams	4	1	0	0	0	0	4,798
		Woodland	4	2	3	0	2	0	51,479
		Yuba City	4	1	0	0	1	0	59,156
		Yucaipa	4	1	0	0	0	0	49,542
	Universities and Colleges			14	4	4	5	0	
		California State University:							
		Dominguez Hills	4	1	0	0	0	0	
		East Bay	4	0	0	0	1	0	
		Fresno	4	0	0	1	0	0	
		Fullerton	4	0	1	0	0	0	
		Monterey Bay	4	0	0	0	1	0	
		Northridge	4	0	0	1	0	0	
		Sacramento	4	2	0	0	0	0	
		San Marcos	4	1	0	1	0	0	
		Stanislaus	4	0	0	1	0	0	
		Fresno Community College	4	0	1	0	0	0	
		San Francisco State University	4	4	1	0	1	0	
		Sonoma State University	4	1	0	0	0	0	
		University of California:							
		Berkeley	4	2	0	0	0	0	
		Los Angeles	4	2	0	0	2	0	
		Santa Barbara	4	1	0	0	0	0	
		Santa Cruz	4	0	1	0	0	0	
	Metropolitan Counties			79	19	15	42	1	
		Contra Costa	4	1	0	0	0	0	
		El Dorado	4	0	0	1	0	0	
		Imperial	4	0	0	0	1	0	
		Kern	4	7	0	0	3	0	
		Los Angeles	4	28	7	1	9	1	
		Marin	4	0	0	0	1	0	
		Merced	4	0	0	0	2	0	
		Riverside	4	12	0	4	2	0	
		Sacramento	4	8	4	2	2	0	
		San Diego	4	10	4	5	12	0	
		San Luis Obispo	4	0	1	0	0	0	
		Santa Cruz	4	4	0	1	1	0	
		Shasta	4	2	0	0	2	0	
		Solano	4	1	0	0	0	0	
		Sonoma	4	3	1	0	2	0	
		Stanislaus	4	0	0	1	1	0	
		Sutter	4	0	1	0	2	0	
		Ventura	4	1	0	0	0	0	
		Yuba	4	2	1	0	2	0	
	Nonmetropolitan Counties			6	0	3	6	0	
		Amador	4	1	0	0	0	0	
		Lake	4	4	0	1	3	0	
		Mariposa	4	1	0	2	1	0	
		Mendocino	4	0	0	0	2	0	
	Other Agencies			4	1	1	0	0	
		Department of Parks and Recreation, San Diego Coast	4	0	0	1	0	0	
		East Bay Regional Parks, Alameda County	4	1	1	0	0	0	
		Port of San Diego Harbor	4	3	0	0	0	0	
COLORADO	Total			59	42	16	19	2	
	Cities			48	35	11	12	2	
		Arvada	4	3	0	0	0	0	105,932
		Ault	4	0	1	0	0	0	1,452
		Aurora	4	3	3	0	0	0	302,855
		Boulder	4	2	1	1	1	0	93,418
		Centennial	4	8	7	0	0	1	100,100
		Center	4	1	0	0	0	0	2,544
		Central City	4	1	0	0	0	0	500
		Colorado Springs	4	6	12	1	1	0	376,807
		Commerce City	4	0	0	0	1	0	34,835
		Cortez	4	1	0	0	0	0	8,400
		Craig	4	1	3	0	0	0	9,316
		Denver	4	5	1	4	1	0	568,465
		Durango	4	1	0	0	0	0	15,794
		Fort Collins	4	0	2	3	0	0	130,446
		Fort Lupton	4	1	0	0	1	0	7,256
		Glenwood Springs	4	1	0	0	1	0	8,726
		Grand Junction	4	4	1	0	2	0	46,155
		Greeley	4	2	0	2	2	0	89,252
		La Junta	4	0	0	0	1	0	7,397
		Lakewood	4	2	2	0	0	0	143,331
		Louisville	4	1	0	0	0	0	18,705
		Loveland	4	0	1	0	0	0	60,689
		Northglenn	4	0	0	0	1	0	33,528
		Parker	4	1	0	0	0	0	39,155
		Rangely	4	1	0	0	0	0	2,077
		Salida	4	1	0	0	0	0	5,580
		Sterling	4	1	0	0	0	0	12,827
		Thornton	4	1	0	0	0	0	107,171
		Westminster	4	0	0	0	0	1	107,071
		Wheat Ridge	4	0	1	0	0	0	31,833
	Universities and Colleges			2	1	0	0	0	
		Colorado State University, Fort Collins	4	2	0	0	0	0	
		University of Colorado, Boulder	4	0	1	0	0	0	
	Metropolitan Counties			7	4	5	4	0	
		Adams	4	0	0	1	0	0	
		Arapahoe	4	2	3	1	0	0	
		Douglas	4	1	1	0	3	0	
		Gilpin	4	1	0	0	0	0	
		Jefferson	4	1	0	0	0	0	
		Larimer	4	0	0	1	0	0	
		Pueblo	4	0	0	1	0	0	
		Weld	4	2	0	1	1	0	
	Nonmetropolitan Counties			2	2	0	3	0	
		Garfield	4	2	0	0	0	0	
		Huerfano	4	0	0	0	1	0	
		Montrose	4	0	0	0	1	0	
		Pitkin	4	0	2	0	0	0	
		Saguache	4	0	0	0	1	0	
CONNECTICUT	Total			56	30	29	14	2	
	Cities			49	24	17	14	2	
		Ansonia	4	1	0	0	0	0	18,715
		Berlin	4	1	0	0	0	0	19,559
		Bethel	4	1	0	0	0	0	18,731
		Bridgeport	4	7	0	2	2	0	138,791
		Bristol	3	5	1	0	0	0	61,257
		Brookfield	4	1	0	0	0	0	16,328
		Cheshire	4	1	2	0	0	0	29,052
		Danbury	1	1	0	0	1	0	78,613
		East Hampton	4	0	1	0	0	0	12,175
		East Hartford	4	1	0	1	0	0	49,096
		Easton	4	0	1	0	0	0	7,476
		Glastonbury	4	1	0	1	0	0	33,037
		Greenwich	4	1	2	0	0	0	62,139
		Groton	4	1	0	0	0	0	9,478
		Groton Town	4	3	0	0	0	0	31,144
		Guilford	4	1	0	0	0	0	22,272
		Hamden	4	0	0	0	0	1	58,089
		Madison	4	0	1	0	0	0	18,783
		Manchester	1	1	0	0	0	0	55,485
		Middletown	1	1	0	0	0	0	47,364
		Milford	1	0	0	1	0	0	54,716
		Naugatuck	4	1	0	0	0	1	31,814
		Newington	1	0	1	0	0	0	29,630
		New Milford	4	0	1	0	0	0	28,622
		Norwalk	4	1	0	1	0	0	84,305
		Norwich	1	1	0	0	0	0	36,541
		Old Saybrook	1	0	0	0	1	0	10,496
		Plymouth	4	1	1	0	1	0	12,164
		Redding	4	2	0	0	0	0	8,632
		Southington	4	1	0	0	4	0	42,011
		South Windsor	1	0	1	0	0	0	25,944
		Stamford	4	0	0	2	0	0	119,857
		Stonington	4	0	0	0	1	0	18,307
		Stratford	1	0	1	0	0	0	49,865
		Suffield	4	0	1	1	0	0	14,681
		Thomaston	4	1	0	1	0	0	7,926
		Trumbull	4	4	0	1	0	0	35,244
		Vernon	4	1	0	3	0	0	29,445
		Wallingford	4	1	1	0	3	0	44,666
		Waterford	4	2	0	1	0	0	18,910
		West Hartford	3	1	5	0	0	0	61,077
		Westport	4	0	3	2	0	0	26,573
		Willimantic	4	0	0	0	1	0	16,284
		Winchester	4	2	0	0	0	0	10,840
		Windsor	4	1	0	0	0	0	28,733
		Windsor Locks	4	1	1	0	0	0	12,392
	Universities and Colleges			5	5	8	0	0	
		Central Connecticut State University	4	1	0	3	0	0	
		Eastern Connecticut State University	4	1	1	1	0	0	
		University of Connecticut, Storrs, Avery Point, and Hartford	4	3	4	3	0	0	
		Western Connecticut State University	4	0	0	1	0	0	
	State Police Agencies			2	1	4	0	0	
		Connecticut State Police	4	2	1	4	0	0	
DELAWARE	Total			29	6	7	5	1	
	Cities			10	2	1	4	0	
		Bridgeville	4	1	0	0	0	0	1,597
		Camden	4	2	0	0	0	0	2,308
		Felton	4	1	0	0	0	0	848
		Georgetown	4	0	0	0	3	0	4,969
		Greenwood	4	0	0	1	0	0	893
		Laurel	4	1	0	0	0	0	3,867
		Milford	4	1	0	0	0	0	7,286
		Newark	4	1	1	0	1	0	30,415
		Smyrna	4	1	0	0	0	0	7,500
		Wilmington	4	2	1	0	0	0	73,645
	Universities and Colleges			1	1	4	0	0	
		University of Delaware	4	1	1	4	0	0	
	Metropolitan Counties			2	0	0	1	0	
		New Castle County Police Department	4	2	0	0	1	0	
	State Police Agencies			14	3	2	0	1	
		State Police:							
		Kent County	4	6	1	0	0	0	
		New Castle County	4	5	1	1	0	1	
		Sussex County	4	3	1	1	0	0	
	Other Agencies			2	0	0	0	0	
		Park Rangers	4	1	0	0	0	0	
		River and Bay Authority	4	1	0	0	0	0	
DISTRICT OF COLUMBIA	Total			11	5	36	4	1	
	Cities			8	5	36	3	1	
		Washington	4	8	5	36	3	1	581,530
	Other Agencies			3	0	0	1	0	
		Metro Transit Police	4	3	0	0	1	0	
FLORIDA	Total			114	35	44	23	0	
	Cities			73	29	31	13	0	
		Altamonte Springs	4	1	0	0	0	0	41,749
		Avon Park	4	1	0	0	0	0	9,022
		Boca Raton	4	0	1	0	1	0	88,093
		Boynton Beach	4	0	1	0	0	0	68,013
		Bradenton	4	1	0	0	0	0	54,826
		Cape Coral	4	0	0	3	0	0	142,371
		Casselberry	4	1	0	0	0	0	24,708
		Clermont	4	0	0	0	1	0	11,813
		Coconut Creek	4	1	1	0	0	0	49,844
		Cooper City	4	0	1	0	0	0	30,528
		Coral Gables	4	1	0	0	0	0	43,594
		Coral Springs	4	1	0	0	0	0	130,976
		Dania	4	0	0	1	0	0	29,267
		Daytona Beach	4	0	0	1	0	0	65,507
		Deerfield Beach	4	2	1	0	0	0	77,636
		Deland	4	4	1	0	0	0	24,786
		Dunedin	4	1	0	0	0	0	37,309
		Edgewater	4	1	0	0	0	0	21,488
		Fort Lauderdale	4	7	0	3	0	0	170,203
		Gainesville	4	1	2	3	0	0	110,009
		Hialeah	4	1	0	1	0	0	224,203
		Hollywood	4	0	1	0	0	0	148,085
		Jacksonville	4	2	1	0	0	0	795,822
		Lady Lake	4	1	0	0	0	0	13,467
		Lakeland	4	0	1	0	0	0	90,209
		Lake Mary	4	1	0	0	0	0	14,885
		Largo	4	1	0	0	0	0	75,729
		Lauderdale Lakes	4	0	0	1	0	0	32,363
		Marco Island	4	1	0	1	0	0	16,381
		Melbourne	4	1	1	0	1	0	77,939
		Miami Beach	4	1	7	2	0	0	89,408
		Miramar	4	1	0	2	0	0	108,421
		New Port Richey	4	1	0	0	0	0	17,213
		New Smyrna Beach	4	1	0	0	0	0	22,733
		North Lauderdale	4	1	0	0	0	0	42,975
		North Miami	4	1	0	0	0	0	58,626
		North Port	4	1	0	0	0	0	42,966
		Oakland Park	4	0	0	1	0	0	32,248
		Ocoee	4	4	0	0	0	0	30,352
		Orlando	4	2	0	0	0	0	216,819
		Palm Bay	4	1	0	0	0	0	94,399
		Palm Beach	4	0	1	0	0	0	10,018
		Palm Beach Gardens	4	1	0	0	0	0	49,815
		Pembroke Pines	4	1	0	0	0	0	152,916
		Pensacola	4	0	1	1	1	0	54,967
		Plantation	4	1	0	0	0	0	87,439
		Pompano Beach	4	4	1	0	0	0	105,936
		Riviera Beach	4	0	0	1	0	0	34,342
		Sarasota	4	1	0	0	0	0	54,617
		Sebastian	4	1	0	0	1	0	19,974
		Southwest Ranches	4	1	0	0	0	0	7,513
		St. Petersburg	4	4	3	6	0	0	253,280
		Sunrise	4	2	0	0	0	0	92,117
		Surfside	4	1	0	0	0	0	4,789
		Tallahassee	4	0	0	0	2	0	161,173
		Tamarac	4	0	0	0	1	0	60,934
		Tampa	4	10	2	3	3	0	331,487
		Tarpon Springs	4	0	0	0	1	0	23,033
		Venice	4	1	1	0	0	0	21,328
		Vero Beach	4	0	0	1	0	0	17,366
		West Melbourne	4	0	0	0	1	0	15,308
		Weston	4	0	1	0	0	0	66,787
	Universities and Colleges			0	1	0	0	0	
		Florida Atlantic University	4	0	1	0	0	0	
	Metropolitan Counties			36	5	11	9	0	
		Alachua	4	3	0	0	0	0	
		Bay	4	1	0	0	0	0	
		Brevard	4	1	0	0	0	0	
		Broward	4	1	0	1	1	0	
		Charlotte	4	0	0	1	0	0	
		Clay	4	2	0	1	1	0	
		Collier	4	1	0	2	4	0	
		Escambia	4	1	0	0	0	0	
		Flagler	4	2	0	1	0	0	
		Hernando	4	0	1	0	0	0	
		Hillsborough	4	6	1	2	1	0	
		Leon	4	1	0	0	0	0	
		Marion	4	1	0	1	0	0	
		Miami-Dade	4	1	0	0	1	0	
		Orange	4	1	0	0	0	0	
		Osceola	4	1	1	0	0	0	
		Palm Beach	4	6	1	0	0	0	
		Pasco	4	3	0	0	0	0	
		Pinellas	4	0	0	2	0	0	
		Santa Rosa	4	0	0	0	1	0	
		Seminole	4	0	1	0	0	0	
		St. Johns	4	3	0	0	0	0	
		Volusia	4	1	0	0	0	0	
	Nonmetropolitan Counties			4	0	2	1	0	
		Citrus	4	0	0	1	0	0	
		Hendry	4	0	0	0	1	0	
		Highlands	4	3	0	0	0	0	
		Monroe	4	1	0	1	0	0	
	Other Agenciesâ€“Tribal			1	0	0	0	0	
		Seminole Tribal	4	1	0	0	0	0	
GEORGIA	Total			6	2	4	1	0	
	Cities			5	1	3	1	0	
		Atlanta	4	4	1	2	0	0	485,804
		Conyers	1	0	0	1	0	0	12,597
		Norcross	4	1	0	0	1	0	10,205
	Universities and Colleges			1	1	1	0	0	
		University of Georgia	1	1	1	1	0	0	
IDAHO	Total			11	2	3	7	0	
	Cities			7	1	2	7	0	
		Blackfoot	4	1	0	0	0	0	11,111
		Boise	4	3	0	1	0	0	198,212
		Caldwell	4	1	0	0	1	0	35,333
		Chubbuck	4	0	0	0	1	0	10,987
		Coeur d'Alene	4	0	0	0	2	0	41,106
		Idaho Falls	4	0	0	1	1	0	53,707
		Jerome	4	0	1	0	0	0	8,725
		Nampa	4	1	0	0	2	0	73,588
		Spirit Lake	4	1	0	0	0	0	1,539
	Metropolitan Counties			4	0	0	0	0	
		Kootenai	4	4	0	0	0	0	
	Nonmetropolitan Counties			0	1	1	0	0	
		Bingham	4	0	0	1	0	0	
		Boundary	4	0	1	0	0	0	
ILLINOIS	Total			90	25	29	12	0	
	Cities			74	23	28	12	0	
		Arlington Heights	1	0	1	0	0	0	75,021
		Aurora	4	10	2	2	0	0	169,085
		Beecher	1	1	0	0	0	0	2,784
		Bloomington	2	1	1	0	0	0	70,124
		Burbank	1	0	0	0	1	0	27,783
		Carol Stream	2	2	0	0	0	0	40,255
		Champaign	2	0	2	0	0	0	71,953
		Chicago	4	13	2	15	3	0	2,857,796
		Decatur	1	1	0	0	0	0	78,254
		De Kalb	1	1	0	0	0	0	42,311
		Des Plaines	1	0	1	0	0	0	56,855
		Downers Grove	1	1	0	0	0	0	49,358
		Evanston	4	2	3	0	0	0	75,640
		Freeport	2	0	0	1	1	0	25,750
		Galesburg	4	4	0	0	0	0	32,189
		Granite City	1	2	0	0	0	0	30,962
		Gurnee	1	1	0	0	0	0	30,937
		Harvard	1	1	0	0	0	0	9,153
		Lockport	1	0	0	1	0	0	22,280
		Lombard	1	1	0	0	0	0	43,046
		Mokena	4	1	0	0	0	0	17,489
		Naperville	4	1	0	0	0	0	142,340
		Oak Brook	1	1	0	0	0	0	8,882
		Oak Forest	1	1	0	0	0	0	28,267
		Oak Lawn	1	1	0	0	0	0	54,281
		Pekin	1	1	0	0	0	0	33,510
		Peoria	4	3	0	4	1	0	113,291
		Robinson	1	1	0	0	0	0	6,506
		Rockford	4	6	4	2	3	0	153,738
		Savanna	1	1	0	0	0	0	3,306
		Schaumburg	1	3	0	0	2	0	73,196
		Skokie	1	0	1	0	0	0	65,026
		Springfield	3	10	0	3	0	0	116,290
		Tinley Park	2	1	2	0	0	0	57,786
		Villa Grove	1	0	0	0	1	0	2,520
		Watseka	1	1	0	0	0	0	5,577
		West Dundee	1	0	1	0	0	0	7,917
		Wheeling	2	0	2	0	0	0	36,838
		Willowbrook	1	1	0	0	0	0	8,941
		Winthrop Harbor	1	0	1	0	0	0	7,128
	Universities and Colleges			13	1	0	0	0	
		Northern Illinois University	1	1	0	0	0	0	
		Southern Illinois University, Carbondale	1	1	0	0	0	0	
		University of Illinois, Urbana	1	0	1	0	0	0	
		Western Illinois University	3	11	0	0	0	0	
	Metropolitan Counties			3	1	1	0	0	
		Du Page	1	1	0	0	0	0	
		Lake	1	0	1	0	0	0	
		Macon	1	1	0	0	0	0	
		Sangamon	1	0	0	1	0	0	
		Vermilion	1	1	0	0	0	0	
INDIANA	Total			18	3	11	7	0	
	Cities			15	1	8	7	0	
		Bloomington	4	9	1	2	1	0	69,474
		Clarksville	4	1	0	0	0	0	21,200
		Columbus	4	0	0	1	0	0	39,641
		Evansville	3	0	0	1	0	0	116,686
		Fort Wayne	4	3	0	2	0	0	224,820
		Goshen	4	0	0	0	2	0	31,476
		Greensburg	4	0	0	0	1	0	10,606
		Hobart	4	1	0	0	1	0	27,952
		Munster	4	0	0	0	1	0	22,495
		Richmond	4	0	0	2	0	0	37,809
		Seymour	4	1	0	0	1	0	19,015
	Universities and Colleges			2	2	2	0	0	
		Indiana University, Indianapolis	4	2	0	0	0	0	
		Purdue University	4	0	2	2	0	0	
	Metropolitan Counties			0	0	1	0	0	
		Monroe	4	0	0	1	0	0	
	Nonmetropolitan Counties			1	0	0	0	0	
		Noble	4	1	0	0	0	0	
IOWA	Total			12	3	8	4	1	
	Cities			10	1	7	3	0	
		Ankeny	4	1	0	0	1	0	36,876
		Bettendorf	4	2	0	0	0	0	32,059
		Cedar Rapids	4	0	0	1	0	0	123,773
		Council Bluffs	4	1	0	0	0	0	59,884
		Davenport	4	2	0	0	1	0	99,370
		Des Moines	4	2	0	5	0	0	195,194
		Dubuque	4	0	0	1	0	0	58,105
		Grinnell	4	1	0	0	0	0	9,382
		Mason City	4	0	1	0	1	0	28,057
		Sergeant Bluff	4	1	0	0	0	0	3,839
	Universities and Colleges			0	2	0	0	0	
		University of Northern Iowa	4	0	2	0	0	0	
	Metropolitan Counties			2	0	1	1	0	
		Johnson	4	0	0	0	1	0	
		Linn	4	1	0	1	0	0	
		Polk	4	1	0	0	0	0	
	Nonmetropolitan Counties			0	0	0	0	1	
		Floyd	4	0	0	0	0	1	
KANSAS	Total			65	12	12	20	0	
	Cities			51	10	8	14	0	
		Abilene	4	2	0	0	0	0	6,454
		Andover	4	1	0	0	0	0	9,178
		Atchison	4	2	0	0	0	0	10,241
		Baxter Springs	4	1	0	0	0	0	4,276
		Beloit	4	1	0	0	0	0	3,729
		Bonner Springs	4	0	1	0	2	0	6,985
		Colby	4	1	0	0	0	0	5,066
		Concordia	4	1	0	0	0	0	5,409
		Derby	4	1	0	1	0	0	20,688
		Dodge City	4	0	0	0	3	0	26,288
		Enterprise	3	0	0	1	0	0	817
		Hutchinson	4	1	0	0	0	0	41,250
		Independence	4	1	0	0	0	0	9,350
		Lansing	4	0	0	0	1	0	10,286
		Lawrence	4	4	0	1	0	0	82,394
		Leavenworth	4	2	0	0	0	0	35,462
		Liberal	4	2	0	0	0	0	20,400
		Meade	4	0	0	1	0	0	1,641
		Merriam	2	0	0	1	0	0	10,845
		Pittsburg	4	1	1	0	0	0	19,350
		Salina2	4	3	5	0	2	0	46,281
		Shawnee	4	6	0	1	2	0	58,035
		Ulysses	4	0	1	0	0	0	5,690
		Valley Center	4	0	0	0	1	0	5,547
		Wamego	4	1	0	0	0	0	4,273
		Waverly	3	0	1	0	0	0	560
		Wellington	4	1	0	0	1	0	8,155
		Wellsville	4	1	0	0	0	0	1,643
		Wichita	4	18	1	2	1	0	357,372
		Winfield	4	0	0	0	1	0	11,945
	Universities and Colleges			4	2	0	1	0	
		Fort Hays State University	4	0	0	0	1	0	
		Kansas City Community College	4	0	1	0	0	0	
		Kansas State University	4	2	1	0	0	0	
		Pittsburg State University	4	1	0	0	0	0	
		University of Kansas, Main Campus	4	1	0	0	0	0	
	Metropolitan Counties			3	0	1	2	0	
		Butler	4	0	0	1	1	0	
		Harvey	4	1	0	0	0	0	
		Leavenworth	4	1	0	0	0	0	
		Shawnee	4	1	0	0	1	0	
	Nonmetropolitan Counties			6	0	2	3	0	
		Finney	4	2	0	0	0	0	
		Haskell	4	1	0	0	0	0	
		Montgomery	4	1	0	0	0	0	
		Morton	4	0	0	1	0	0	
		Nemaha	4	0	0	1	0	0	
		Ottawa	4	0	0	0	1	0	
		Riley County Police Department	4	2	0	0	1	0	
		Rush	4	0	0	0	1	0	
	State Police Agencies			1	0	0	0	0	
		Kansas Highway Patrol	4	1	0	0	0	0	
	Other Agencies			0	0	1	0	0	
		Wyandotte County Parks and Recreation	4	0	0	1	0	0	
KENTUCKY	Total			35	9	12	8	0	
	Cities			28	8	11	6	0	
		Alexandria	2	0	0	1	0	0	8,059
		Bowling Green	4	1	0	1	1	0	52,681
		Covington	3	2	0	3	0	0	43,146
		Danville	4	1	1	1	0	0	15,530
		Elsmere	3	1	0	0	0	0	8,010
		Florence	4	0	1	0	0	0	26,555
		Fort Thomas	4	1	0	0	0	0	15,714
		Georgetown	2	1	0	0	0	0	20,144
		Henderson	3	3	0	0	0	0	27,883
		Hodgenville	3	2	0	0	0	0	2,810
		Hopkinsville	4	2	0	0	0	0	29,047
		Lexington	4	3	3	2	2	0	270,179
		Louisville Metro	3	1	0	1	0	0	626,018
		Morganfield	4	1	0	0	0	0	3,457
		Mount Sterling	3	1	0	0	0	0	6,366
		Murray	4	0	2	0	0	0	15,660
		Newport	4	3	0	2	0	0	16,036
		Nicholasville	4	1	0	0	0	0	24,084
		Paducah	4	2	0	0	0	0	25,775
		Park Hills	3	1	0	0	0	0	2,825
		Richmond	4	0	1	0	3	0	31,135
		Shively	2	1	0	0	0	0	15,331
	Universities and Colleges			4	0	0	0	0	
		Murray State University	4	2	0	0	0	0	
		University of Kentucky	1	2	0	0	0	0	
	Metropolitan Counties			0	0	0	2	0	
		Daviess	4	0	0	0	1	0	
		Warren	3	0	0	0	1	0	
	Nonmetropolitan Counties			1	0	0	0	0	
		Fulton	4	1	0	0	0	0	
	State Police Agencies			2	1	1	0	0	
		State Police	4	2	1	1	0	0	
LOUISIANA	Total			14	2	2	2	2	
	Cities			8	0	0	1	1	
		Bossier City	4	1	0	0	1	1	57,350
		Houma	3	1	0	0	0	0	30,431
		Kenner	4	2	0	0	0	0	66,266
		Lake Arthur	4	2	0	0	0	0	2,760
		Mamou	4	2	0	0	0	0	3,254
	Universities and Colleges			1	0	1	0	0	
		Louisiana State University, Baton Rouge	4	0	0	1	0	0	
		Louisiana Tech University	4	1	0	0	0	0	
	Metropolitan Counties			5	1	1	1	0	
		Jefferson	3	4	1	0	0	0	
		Lafourche	2	0	0	1	0	0	
		St. Charles	3	0	0	0	1	0	
		West Feliciana	4	1	0	0	0	0	
	Nonmetropolitan Counties			0	1	0	0	1	
		East Carroll	4	0	1	0	0	0	
		Madison	4	0	0	0	0	1	
MAINE	Total			28	10	16	4	1	
	Cities			22	10	10	3	1	
		Augusta	4	4	1	2	0	0	18,627
		Bangor	4	2	1	1	1	0	31,076
		Carrabassett Valley	4	0	0	1	0	0	441
		Dexter	4	1	0	0	0	0	3,789
		Dover-Foxcroft	4	0	0	1	0	0	4,374
		Farmington	4	0	0	1	0	0	7,504
		Hallowell	4	1	0	1	0	0	2,535
		Kennebunk	4	2	0	0	0	1	11,511
		Lewiston	4	2	1	1	0	0	36,052
		Mechanic Falls	4	0	1	0	0	0	3,238
		Mexico	4	1	0	0	0	0	2,939
		Old Orchard Beach	4	2	0	0	0	0	9,350
		Pittsfield	4	1	0	0	0	0	4,249
		Portland	4	0	0	0	1	0	63,892
		Presque Isle	4	0	1	0	0	0	9,377
		Rangeley	4	1	0	0	0	0	1,122
		Rumford	4	1	0	0	0	0	6,429
		Sabattus	4	1	0	0	0	0	4,670
		Saco	4	1	0	0	0	0	18,231
		Sanford	4	0	1	0	0	0	21,735
		South Berwick	4	0	1	0	0	0	7,304
		South Portland	4	2	3	2	1	0	23,743
	Universities and Colleges			2	0	1	0	0	
		University of Southern Maine	4	2	0	1	0	0	
	Metropolitan Counties			1	0	4	0	0	
		Androscoggin	4	0	0	2	0	0	
		Penobscot	4	0	0	1	0	0	
		Sagadahoc	4	1	0	1	0	0	
	Nonmetropolitan Counties			1	0	0	0	0	
		Piscataquis	4	1	0	0	0	0	
	State Police Agencies			2	0	1	1	0	
		State Police:							
		Aroostook County	4	1	0	0	0	0	
		Hancock County	4	1	0	0	0	0	
		Somerset County	4	0	0	1	0	0	
		Waldo County	4	0	0	0	1	0	
MARYLAND	Total			135	52	13	12	0	
	Cities			12	1	4	2	0	
		Aberdeen	4	1	0	0	0	0	14,344
		Annapolis	4	0	0	0	1	0	36,399
		Baltimore	4	2	1	4	0	0	637,556
		Cambridge	4	1	0	0	1	0	11,119
		Frederick	4	3	0	0	0	0	58,066
		Laurel	4	1	0	0	0	0	22,186
		Mount Rainier	4	1	0	0	0	0	8,775
		Pocomoke City	4	1	0	0	0	0	3,920
		Westernport	4	1	0	0	0	0	2,026
		Westminster	4	1	0	0	0	0	17,810
	Universities and Colleges			6	1	3	0	0	
		Frostburg State University	4	2	0	1	0	0	
		Salisbury University	4	2	0	0	0	0	
		St. Mary's College	4	1	0	0	0	0	
		University of Maryland:							
		Baltimore County	4	0	0	2	0	0	
		College Park	4	1	1	0	0	0	
	Metropolitan Counties			104	49	6	9	0	
		Anne Arundel County Police Department	4	2	0	0	1	0	
		Baltimore County Police Department	4	42	8	3	1	0	
		Calvert	4	3	0	0	0	0	
		Carroll	4	0	1	0	0	0	
		Cecil	4	1	0	0	0	0	
		Charles	4	2	0	0	0	0	
		Frederick	4	1	1	0	0	0	
		Harford	4	4	0	1	0	0	
		Howard County Police Department	4	16	13	2	4	0	
		Montgomery County Police Department	4	18	20	0	3	0	
		Prince George's County Police Department	4	15	4	0	0	0	
		Washington	4	0	1	0	0	0	
		Wicomico	4	0	1	0	0	0	
	Nonmetropolitan Counties			1	0	0	1	0	
		Kent	4	1	0	0	1	0	
	State Police Agencies			10	1	0	0	0	
		State Police:							
		Allegany County	4	2	0	0	0	0	
		Carroll County	4	4	1	0	0	0	
		Cecil County	4	3	0	0	0	0	
		Worcester County	4	1	0	0	0	0	
	Other Agencies			2	0	0	0	0	
		Maryland-National Capital Park Police, Prince George's County	4	2	0	0	0	0	
MASSACHUSETTS	Total			167	84	72	54	2	
	Cities			157	81	66	52	2	
		Abington	4	2	1	0	0	0	16,449
		Acton	4	1	1	0	0	0	20,686
		Agawam	4	1	1	0	0	0	28,771
		Amherst	4	0	1	0	0	0	34,252
		Andover	4	0	1	1	0	0	33,241
		Arlington	4	1	0	1	0	0	41,472
		Ashburnham	4	1	0	0	0	0	6,017
		Barnstable	4	5	1	1	1	0	48,113
		Belmont	4	2	2	0	0	0	23,511
		Beverly	4	1	0	0	0	0	40,116
		Billerica	4	1	0	0	0	0	40,203
		Boston	4	57	26	38	22	0	562,393
		Brewster	4	1	0	1	0	0	10,304
		Brimfield	4	0	0	1	0	0	3,661
		Brockton	4	18	1	3	9	0	95,200
		Brookline	4	3	1	0	0	0	55,924
		Burlington	4	1	1	0	0	0	23,439
		Cambridge	1	0	2	0	0	0	100,737
		Chelsea	4	0	0	0	1	0	32,713
		Danvers	4	0	1	0	1	0	26,202
		Douglas	4	1	0	0	0	0	7,932
		East Longmeadow	4	0	2	0	0	0	14,975
		Everett	4	1	0	0	0	0	37,058
		Falmouth	4	1	1	0	0	0	33,846
		Greenfield	4	0	1	0	0	0	17,941
		Harwich	4	0	0	1	0	0	12,751
		Haverhill	4	2	3	0	3	0	60,604
		Holyoke	4	1	1	0	0	0	40,198
		Ipswich	4	2	0	0	0	0	13,382
		Longmeadow	4	0	1	0	0	0	15,663
		Lowell	1	0	0	1	0	0	103,729
		Lynn	4	2	1	0	0	0	89,322
		Malden	4	4	0	2	0	0	56,207
		Mansfield	4	2	0	0	0	0	23,115
		Marblehead	4	0	2	0	0	0	20,419
		Melrose	4	1	0	0	0	0	26,523
		Mendon	4	0	1	0	0	0	5,789
		Methuen	4	1	1	0	0	0	44,877
		Middleboro	4	3	1	0	0	0	21,325
		Millbury	4	1	0	0	0	0	13,540
		Milton	4	0	0	0	1	0	26,190
		Monson	4	0	1	0	0	0	8,816
		Natick	4	1	2	0	0	0	32,135
		New Bedford	4	3	0	2	0	0	93,661
		Newton	4	0	2	0	3	0	83,658
		Northampton	4	2	1	2	0	0	28,888
		North Attleboro	4	3	1	0	0	0	28,302
		Northfield	1	0	1	0	0	0	3,249
		Oakham	4	0	1	0	0	0	1,908
		Palmer	4	0	1	0	0	0	13,003
		Peabody	4	1	0	1	3	0	51,547
		Pepperell	4	0	1	0	0	0	11,477
		Pittsfield	4	3	1	0	0	0	44,124
		Plainville	4	0	1	0	0	0	8,070
		Quincy	4	9	1	0	1	2	90,792
		Randolph	4	2	0	0	0	0	30,651
		Raynham	4	1	0	1	0	0	13,579
		Revere	4	4	2	2	2	0	46,082
		Salem	4	4	1	3	1	0	42,007
		Somerville	4	1	0	0	0	0	75,413
		Southampton	4	1	0	0	0	0	5,876
		South Hadley	4	0	1	1	0	0	17,166
		Springfield	4	0	1	2	0	0	152,644
		Taunton	4	0	0	0	1	0	56,589
		Waltham	4	1	2	0	1	0	59,914
		Wayland	4	1	0	0	0	0	13,080
		West Boylston	4	1	0	0	0	0	7,745
		Westfield	4	0	0	1	0	0	40,769
		Westford	4	0	2	0	1	0	21,590
		West Newbury	4	1	0	0	0	0	4,332
		West Springfield	4	0	2	0	0	0	28,157
		Westwood	4	0	1	0	0	0	13,984
		Wilbraham	4	0	0	1	0	0	14,087
		Winthrop	4	0	0	0	1	0	17,172
		Wrentham	4	1	0	0	0	0	11,160
	Universities and Colleges			9	3	6	2	0	
		Boston College	4	2	0	1	1	0	
		Boston University	4	1	0	1	0	0	
		Clark University	4	1	0	0	0	0	
		Harvard University	1	0	0	0	1	0	
		Massachusetts Institute of Technology	4	0	0	2	0	0	
		Merrimack College	4	2	0	0	0	0	
		Northeastern University	4	1	2	2	0	0	
		University of Massachusetts:							
		Amherst	4	1	1	0	0	0	
		Harbor Campus, Boston	4	1	0	0	0	0	
	Other Agencies			1	0	0	0	0	
		Massachusetts Bay Transportation Authority, Suffolk County	4	1	0	0	0	0	
MICHIGAN	Total			477	74	52	48	2	
	Cities			434	67	48	41	1	
		Adrian	4	3	0	1	2	0	21,730
		Alpena	4	1	1	0	0	0	10,765
		Ann Arbor	4	6	1	1	1	0	112,989
		Auburn Hills	4	1	0	0	0	0	20,959
		Battle Creek	4	4	1	0	0	0	62,628
		Bay City	4	1	0	0	0	0	34,792
		Benton Harbor	4	4	0	1	0	0	10,722
		Benton Township	4	2	0	1	0	0	15,894
		Beverly Hills	4	1	0	0	0	0	10,061
		Birmingham	4	3	1	0	0	0	19,033
		Blackman Township	4	1	0	0	0	0	24,785
		Bloomfield Hills	4	1	0	0	0	0	3,841
		Bloomfield Township	4	2	1	0	0	0	41,547
		Bridgman	4	3	0	0	0	0	2,443
		Brown City	4	1	0	0	0	0	1,307
		Brownstown Township	4	2	0	0	0	0	29,074
		Burton	4	2	0	0	0	0	30,839
		Cadillac	4	1	0	0	0	0	10,142
		Caro	4	0	0	0	1	0	4,183
		Center Line	4	1	1	0	0	0	8,287
		Charlotte	4	1	0	0	0	0	9,046
		Chesterfield Township	4	2	0	0	0	0	43,729
		Chocolay Township	4	1	0	0	0	0	6,000
		Clare	4	2	0	0	0	0	3,225
		Clinton Township	4	4	1	0	0	0	96,587
		Clio	4	1	0	2	0	0	2,612
		Covert Township	4	0	0	0	1	0	3,130
		Dearborn	4	17	12	1	0	0	93,856
		Dearborn Heights	4	3	1	0	0	0	56,036
		Detroit	4	22	7	6	2	0	884,462
		Dewitt Township	4	1	0	0	0	0	13,052
		Eaton Rapids	4	0	0	0	1	0	5,253
		Elk Rapids	4	1	0	0	0	0	1,706
		Emmett Township	4	1	0	1	2	0	12,101
		Erie Township	4	0	0	1	0	0	4,776
		Essexville	4	1	0	0	0	0	3,581
		Evart	4	0	0	1	0	0	1,730
		Farmington	4	2	0	0	0	0	10,010
		Farmington Hills	4	4	1	0	1	0	80,023
		Ferndale	4	3	1	1	0	0	21,407
		Flint	4	13	2	1	2	0	118,256
		Flint Township	4	0	0	0	1	0	32,941
		Flushing Township	4	1	1	0	0	0	10,475
		Forsyth Township	4	0	1	0	0	0	4,845
		Fowlerville	4	1	0	0	0	0	3,124
		Fraser	4	2	0	0	0	0	15,057
		Fremont	4	0	0	2	1	0	4,245
		Garden City	4	4	0	0	0	0	28,888
		Gaylord	4	1	0	0	0	0	3,721
		Genesee Township	4	26	0	0	0	0	24,185
		Gibraltar	4	2	0	0	0	0	5,178
		Gladstone	4	1	0	0	0	0	5,242
		Grand Blanc	4	1	1	0	0	0	7,878
		Grand Blanc Township	4	5	1	0	0	0	35,033
		Grand Rapids	4	26	1	4	4	0	193,297
		Green Oak Township	4	0	0	0	2	0	17,654
		Greenville	4	10	0	1	0	0	8,285
		Grosse Pointe Woods	4	1	0	0	0	0	16,276
		Hamburg Township	4	0	1	0	0	0	21,956
		Hancock	4	2	0	0	0	0	4,212
		Harper Woods	4	0	0	1	0	0	13,587
		Hartford	4	2	0	0	0	0	2,427
		Hastings	4	1	0	0	0	0	7,148
		Holland	4	3	0	0	0	0	34,343
		Holly	4	1	0	0	0	0	6,359
		Howell	4	1	0	0	0	0	9,733
		Hudson	4	3	0	0	0	0	2,409
		Inkster	4	3	0	0	0	0	28,798
		Iron Mountain	4	1	0	0	0	0	8,153
		Ishpeming	4	1	0	0	0	0	6,491
		Ithaca	1	1	0	0	0	0	3,093
		Jackson	4	1	0	0	0	0	34,792
		Jonesville	4	1	0	0	0	0	2,287
		Kalamazoo	4	2	0	1	0	1	72,519
		Kalkaska	4	1	0	0	0	0	2,200
		Lansing	4	7	2	2	4	0	115,230
		Lansing Township	4	3	0	0	0	0	7,993
		Lapeer	4	0	0	1	0	0	9,347
		Lathrup Village	4	1	0	0	0	0	4,147
		Leoni Township	4	1	0	0	0	0	13,801
		Leslie	4	1	0	0	0	0	2,262
		Lincoln Park	4	4	0	0	0	0	38,142
		Lincoln Township	4	3	0	0	0	0	14,379
		Livonia	4	0	0	1	0	0	97,733
		Luna Pier	4	1	0	1	0	0	1,519
		Mackinac Island	4	1	0	0	0	0	490
		Madison Township	4	1	0	0	1	0	7,889
		Mancelona	4	2	0	0	0	0	1,383
		Manistee	4	1	0	0	0	0	6,639
		Marshall	4	2	0	1	1	0	7,345
		Mayville	4	1	0	0	0	0	1,031
		Melvindale	4	1	1	0	0	0	10,586
		Mendon	4	1	0	0	0	0	931
		Menominee	4	1	0	0	0	0	8,731
		Meridian Township	4	3	0	0	1	0	38,245
		Milan	4	1	0	0	0	0	5,363
		Monroe	4	1	0	0	0	0	21,737
		Montague	4	1	0	0	0	0	2,333
		Morenci	4	4	0	0	2	0	2,346
		Mount Morris Township	4	7	0	0	0	0	23,244
		Mundy Township	4	1	0	0	0	0	14,007
		Muskegon	4	5	1	0	0	0	39,820
		Muskegon Heights	4	3	0	1	0	0	11,792
		Muskegon Township	4	5	0	0	0	0	18,557
		New Baltimore	4	1	0	0	0	0	11,137
		Niles	4	2	0	0	1	0	11,709
		Northville Township	4	2	0	0	0	0	25,216
		Oak Park	4	1	0	0	0	0	31,116
		Ontwa Township-Edwardsburg	4	3	0	0	0	0	5,952
		Oxford	4	1	0	0	0	0	3,555
		Perry	4	2	0	1	1	0	2,047
		Pinckney	4	1	0	0	0	0	2,429
		Pinconning	4	1	0	0	0	0	1,346
		Plymouth Township	4	1	0	0	0	0	27,153
		Pontiac	4	2	0	0	1	0	67,163
		Portage	4	1	0	0	0	0	45,164
		Port Huron	4	2	0	0	0	0	31,423
		Raisin Township	4	1	0	0	0	0	7,157
		Riverview	4	2	1	0	0	0	12,712
		Rochester	4	2	0	0	0	0	11,181
		Romulus	4	10	9	5	0	0	23,794
		Roosevelt Park	4	1	0	0	0	0	3,801
		Roseville	4	7	1	1	0	0	47,589
		Royal Oak	4	3	0	0	0	0	58,154
		Saginaw	4	2	0	0	0	0	58,216
		Saginaw Township	4	4	0	0	0	0	39,916
		Sandusky	4	1	0	0	0	0	2,687
		Scottville	4	3	0	0	0	0	1,270
		Shelby Township	4	1	0	0	0	0	69,735
		Southfield	4	1	0	0	0	0	76,627
		South Lyon	4	0	0	0	1	0	11,012
		Sparta	4	1	0	0	0	0	4,036
		Springfield	4	1	0	0	0	0	5,190
		St. Joseph	4	0	1	2	0	0	8,653
		Stockbridge	4	2	0	0	0	0	1,276
		Sturgis	4	0	1	0	1	0	11,106
		Summit Township	4	0	0	1	0	0	22,003
		Sumpter Township	4	1	0	1	0	0	11,892
		Taylor	4	44	0	0	0	0	64,800
		Tecumseh	4	4	0	0	0	0	8,841
		Traverse City	4	0	0	1	0	0	14,477
		Trenton	4	1	0	0	1	0	19,263
		Troy	4	1	4	2	0	0	80,966
		Unadilla Township	4	1	0	0	0	0	3,398
		Utica	4	1	0	0	0	0	4,901
		Van Buren Township	4	2	0	0	0	0	27,073
		Warren	4	12	2	0	1	0	134,974
		Waterford Township	4	1	0	0	0	0	71,491
		Wayne	4	0	1	0	1	0	18,543
		West Bloomfield Township	4	0	6	0	0	0	64,834
		Westland	4	5	0	0	0	0	85,410
		White Cloud	4	3	0	0	0	0	1,428
		White Lake Township	4	1	0	0	0	0	29,846
		Wixom	4	1	0	0	1	0	13,351
		Woodhaven	4	1	0	0	0	0	13,321
		Wyandotte	4	1	0	0	1	0	26,873
		Wyoming	4	3	0	0	0	0	69,947
		Ypsilanti	4	2	0	0	1	0	21,778
	Universities and Colleges			2	0	1	1	0	
		Macomb Community College	4	0	0	1	0	0	
		Michigan State University	4	0	0	0	1	0	
		University of Michigan:							
		Ann Arbor	4	1	0	0	0	0	
		Flint	4	1	0	0	0	0	
	Metropolitan Counties			29	4	3	4	0	
		Ingham	4	0	2	0	2	0	
		Kent	4	4	0	0	1	0	
		Livingston	4	1	0	0	0	0	
		Macomb	4	12	2	3	1	0	
		Oakland	4	1	0	0	0	0	
		Ottawa	4	3	0	0	0	0	
		Saginaw	4	3	0	0	0	0	
		St. Clair	4	4	0	0	0	0	
		Washtenaw	4	1	0	0	0	0	
	Nonmetropolitan Counties			8	3	0	2	1	
		Allegan	4	1	0	0	0	0	
		Clare	4	0	1	0	0	0	
		Gladwin	4	1	0	0	0	0	
		Grand Traverse	4	2	0	0	0	0	
		Lake	4	2	0	0	0	0	
		Mackinac	4	1	0	0	0	0	
		Manistee	4	0	0	0	1	0	
		Marquette	4	0	0	0	0	1	
		Montcalm	4	0	1	0	0	0	
		Tuscola	4	0	1	0	1	0	
		Wexford	4	1	0	0	0	0	
	State Police Agencies			2	0	0	0	0	
		State Police:							
		Calhoun County	4	1	0	0	0	0	
		Washtenaw County	4	1	0	0	0	0	
	Other Agencies			2	0	0	0	0	
		Wayne County Airport	4	2	0	0	0	0	
MINNESOTA	Total			98	13	20	6	0	
	Cities			91	10	14	6	0	
		Bemidji	4	3	0	0	0	0	13,385
		Blaine	4	2	1	1	0	0	54,445
		Blue Earth	4	0	1	0	0	0	3,475
		Breckenridge	4	0	0	0	1	0	3,396
		Brooklyn Park	3	9	0	0	0	0	69,008
		Burnsville	3	0	0	1	0	0	59,554
		Columbia Heights	4	2	2	0	0	0	18,231
		Cottage Grove	3	4	0	0	0	0	32,771
		Crystal	4	2	0	0	0	0	21,790
		Eden Prairie	4	4	0	1	0	0	61,054
		Edina	4	0	1	0	0	0	45,872
		Elk River	3	0	0	1	0	0	21,472
		Forest Lake	4	0	0	0	1	0	17,469
		Hastings	2	1	0	0	0	0	21,050
		Hibbing	3	1	0	0	0	0	16,619
		Inver Grove Heights	2	1	0	0	0	0	33,404
		Lakeville	4	1	0	0	0	0	51,828
		Maple Grove	3	3	0	0	1	0	60,155
		Maplewood	3	4	0	0	0	0	35,319
		Minnetonka	2	2	0	0	0	0	50,379
		Morris	3	0	0	2	0	0	5,125
		New Brighton	4	2	0	0	0	0	20,877
		New Ulm	3	1	0	0	0	0	13,710
		Northfield	2	0	0	0	1	0	18,796
		Oakdale	1	1	0	0	0	0	27,572
		Oak Park Heights	4	1	0	0	0	0	4,092
		Owatonna	4	2	0	0	0	0	24,294
		Paynesville	3	1	0	0	0	0	2,258
		Plymouth	4	4	0	0	0	0	70,167
		Red Wing	4	5	0	3	0	0	15,905
		Rochester	4	1	1	0	0	0	95,585
		Roseville	2	1	0	0	0	0	32,293
		Sartell	2	0	0	1	0	0	12,753
		Savage	4	2	0	1	1	0	26,759
		South St. Paul	1	2	0	0	0	0	19,491
		St. Charles	1	1	0	0	0	0	3,550
		St. Cloud	4	17	2	0	1	0	66,232
		Stillwater	3	1	0	0	0	0	17,494
		St. Joseph	4	1	0	0	0	0	5,473
		St. Louis Park	2	1	2	1	0	0	43,585
		St. Paul	1	1	0	0	0	0	276,989
		Wadena	3	1	0	0	0	0	4,134
		Waseca	4	0	0	2	0	0	9,508
		White Bear Lake	3	4	0	0	0	0	23,892
		Winona	3	2	0	0	0	0	26,765
	Universities and Colleges			3	3	4	0	0	
		University of Minnesota:							
		Duluth	2	1	0	0	0	0	
		Twin Cities	4	2	3	4	0	0	
	Metropolitan Counties			3	0	0	0	0	
		Benton	4	1	0	0	0	0	
		Carver	4	1	0	0	0	0	
		Olmsted	2	1	0	0	0	0	
	Nonmetropolitan Counties			1	0	2	0	0	
		Beltrami	4	0	0	1	0	0	
		Blue Earth	4	0	0	1	0	0	
		Goodhue	3	1	0	0	0	0	
MISSOURI	Total			48	10	10	8	2	
	Cities			39	7	9	6	2	
		Canton	1	1	0	0	0	0	2,520
		Cape Girardeau	4	0	0	3	0	1	36,469
		Chesterfield	3	0	1	0	0	0	47,364
		Columbia	3	0	1	1	2	0	92,485
		Grain Valley	4	1	0	0	0	0	8,707
		Iberia	1	0	0	0	1	0	678
		Kirksville	4	1	0	0	0	0	17,110
		Lee's Summit	4	4	3	0	0	0	80,925
		Lone Jack	4	1	0	0	0	0	702
		Monett	4	0	0	0	1	0	8,410
		Peculiar	4	2	0	0	0	0	3,860
		Raytown	2	1	0	0	0	0	29,134
		Rolla	3	0	0	0	0	1	17,847
		Springfield	4	15	1	1	2	0	151,397
		St. Charles	2	2	0	0	0	0	62,759
		St. John	1	1	0	0	0	0	6,606
		St. Louis	3	7	0	1	0	0	346,879
		St. Peters	4	1	1	0	0	0	54,605
		Warrensburg	4	2	0	1	0	0	17,899
		Wentzville	4	0	0	2	0	0	18,120
	Universities and Colleges			0	2	1	1	0	
		University of Missouri:							
		Columbia	4	0	0	0	1	0	
		St. Louis	4	0	0	1	0	0	
		Washington University	4	0	2	0	0	0	
	Metropolitan Counties			8	1	0	1	0	
		St. Charles	4	5	0	0	1	0	
		St. Louis County Police Department	4	3	1	0	0	0	
	Nonmetropolitan Counties			1	0	0	0	0	
		Stone	4	1	0	0	0	0	
MONTANA	Total			14	5	1	3	1	
	Cities			6	3	1	3	0	
		Billings	4	0	1	0	0	0	99,667
		Columbia Falls	4	1	0	0	0	0	4,483
		Cut Bank	4	0	0	1	0	0	3,197
		Glendive	4	0	1	0	0	0	4,715
		Great Falls	4	1	0	0	0	0	56,878
		Helena	4	0	0	0	2	0	27,645
		Kalispell	4	1	1	0	0	0	18,657
		Libby	4	0	0	0	1	0	2,673
		Missoula	4	3	0	0	0	0	63,526
	Metropolitan Counties			0	2	0	0	0	
		Yellowstone	4	0	2	0	0	0	
	Nonmetropolitan Counties			8	0	0	0	1	
		Big Horn	4	5	0	0	0	1	
		Glacier	4	1	0	0	0	0	
		Ravalli	3	1	0	0	0	0	
		Silver Bow	4	1	0	0	0	0	
NEBRASKA	Total			35	4	5	12	0	
	Cities			32	4	4	12	0	
		Kearney	4	5	0	0	2	0	29,115
		Lincoln	4	23	2	4	7	0	240,511
		McCook	4	0	0	0	1	0	7,722
		Nebraska City	4	0	0	0	1	0	7,073
		Norfolk	4	1	0	0	0	0	24,076
		Omaha	4	3	2	0	1	0	416,770
	Universities and Colleges			1	0	0	0	0	
		University of Nebraska, Lincoln	3	1	0	0	0	0	
	Nonmetropolitan Counties			2	0	1	0	0	
		Adams	4	1	0	0	0	0	
		Buffalo	4	1	0	0	0	0	
		Keith	4	0	0	1	0	0	
NEVADA	Total			53	13	13	46	0	
	Cities			48	13	13	43	0	
		Las Vegas Metropolitan Police Department	4	44	13	12	36	0	1,315,625
		North Las Vegas	4	2	0	0	2	0	182,540
		Reno	4	1	0	1	2	0	210,354
		West Wendover	4	1	0	0	2	0	5,132
		Winnemucca	4	0	0	0	1	0	7,984
	Universities and Colleges			0	0	0	1	0	
		Truckee Meadows Community College	4	0	0	0	1	0	
	Metropolitan Counties			0	0	0	1	0	
		Washoe	4	0	0	0	1	0	
	Nonmetropolitan Counties			3	0	0	1	0	
		Churchill	4	1	0	0	1	0	
		Douglas	4	1	0	0	0	0	
		Pershing	4	1	0	0	0	0	
	Other Agencies			2	0	0	0	0	
		Washoe County School District	4	2	0	0	0	0	
NEW HAMPSHIRE	Total			10	14	9	1	0	
	Cities			10	12	9	1	0	
		Brentwood	4	0	3	0	0	0	3,791
		Concord	4	0	0	1	0	0	42,496
		Deering	4	0	0	1	0	0	2,036
		Derry	4	1	0	1	0	0	34,420
		Exeter	4	0	1	0	0	0	14,760
		Gilford	4	1	0	0	0	0	7,538
		Hopkinton	4	0	0	1	0	0	5,641
		Hudson	4	1	2	0	1	0	24,661
		Keene	4	3	0	1	0	0	22,864
		Laconia	4	0	0	1	0	0	17,125
		Merrimack	4	0	1	0	0	0	26,753
		Milford	4	0	1	0	0	0	14,918
		Nashua	4	1	0	0	0	0	87,651
		New Boston	4	1	0	0	0	0	4,898
		Plymouth	4	0	0	1	0	0	6,227
		Portsmouth	4	0	4	0	0	0	20,752
		Raymond	4	0	0	1	0	0	10,160
		Rochester	4	2	0	0	0	0	30,117
		Tilton	4	0	0	1	0	0	3,650
	Metropolitan Counties			0	2	0	0	0	
		Rockingham	4	0	2	0	0	0	
NEW JERSEY	Total			358	243	70	84	4	
	Cities			351	241	70	84	4	
		Aberdeen Township	4	17	13	5	4	0	18,347
		Asbury Park	4	1	0	3	1	0	16,637
		Atlantic Highlands	4	0	1	0	1	0	4,629
		Barnegat Township	4	3	1	0	2	0	20,323
		Bayonne	4	0	1	0	0	0	60,033
		Bedminster Township	4	0	1	0	0	0	8,394
		Belmar	4	1	0	0	0	0	5,967
		Berkeley Township	4	1	0	0	0	0	42,532
		Berlin Township	4	1	0	0	0	0	5,403
		Blairstown Township	4	0	1	1	0	0	5,980
		Bloomfield	4	0	0	1	0	0	46,181
		Boonton	4	1	1	0	0	0	8,562
		Bradley Beach	4	2	0	1	1	0	4,786
		Brick Township	4	1	1	1	0	0	78,214
		Bridgeton	4	2	0	0	0	0	23,977
		Bridgewater Township	4	1	4	0	1	0	44,490
		Buena	4	2	0	0	1	0	3,851
		Caldwell	4	0	1	0	0	0	7,495
		Camden	4	0	0	0	1	0	80,071
		Cedar Grove Township	4	1	2	1	0	0	12,708
		Chatham	4	1	2	0	0	0	8,445
		Chatham Township	4	0	0	0	1	0	10,211
		Cherry Hill Township	4	5	1	0	0	0	71,876
		Clementon	4	1	0	0	0	0	4,948
		Cliffside Park	4	0	1	0	1	0	23,053
		Clifton	4	0	2	0	0	0	79,983
		Colts Neck Township	4	1	1	0	0	0	11,637
		Cranbury Township	4	1	1	0	0	0	3,950
		Deal	4	0	2	0	0	0	1,044
		Delanco Township	4	1	0	0	0	0	3,968
		Delran Township	4	0	0	0	1	0	17,427
		Denville Township	4	1	0	0	1	0	16,510
		Deptford Township	4	0	2	0	0	0	29,767
		Dover	4	1	0	0	0	0	18,455
		Dunellen	4	2	0	0	1	0	6,999
		East Brunswick Township	4	2	2	0	0	0	48,293
		East Windsor Township	4	4	7	0	0	0	26,893
		Eatontown	4	1	0	0	1	0	14,099
		Edgewater Park Township	4	1	0	0	0	0	8,025
		Edison Township	4	7	9	2	9	1	100,575
		Englewood	4	1	0	0	0	0	26,227
		Essex Fells	4	0	0	1	0	0	2,105
		Evesham Township	4	1	0	0	0	0	46,996
		Ewing Township	4	2	2	0	1	1	37,265
		Fair Haven	4	0	0	0	1	0	5,903
		Fair Lawn	4	0	4	0	0	0	31,432
		Franklin Lakes	4	0	1	0	0	0	11,311
		Franklin Township, Gloucester County	4	1	1	0	0	0	16,673
		Freehold	4	1	0	1	0	0	11,448
		Freehold Township	4	7	5	1	0	0	33,889
		Galloway Township	4	4	1	0	0	0	35,860
		Gibbsboro	4	0	1	0	0	0	2,470
		Glassboro	4	5	0	1	2	0	19,305
		Glen Rock	4	0	1	0	0	0	11,466
		Gloucester City	4	2	0	0	0	0	11,591
		Gloucester Township	4	4	5	0	1	0	66,590
		Hackettstown	4	2	0	0	0	0	9,382
		Haddon Heights	4	1	0	0	1	0	7,433
		Haddon Township	4	1	0	0	1	0	14,586
		Hamilton Township, Atlantic County	4	5	3	0	0	0	23,917
		Hamilton Township, Mercer County	4	4	4	0	1	0	90,062
		Hanover Township	4	0	2	0	0	0	13,702
		Harrison Township	4	0	1	1	0	0	11,310
		Hazlet Township	4	4	1	1	1	0	21,003
		Hightstown	4	2	3	1	0	0	5,297
		Hillsborough Township	4	2	3	0	0	0	37,837
		Hillside Township	4	0	1	0	0	0	21,760
		Hoboken	4	1	1	1	0	0	39,930
		Ho-Ho-Kus	4	1	0	0	0	0	4,093
		Holmdel Township	4	1	1	0	2	0	16,957
		Hopatcong	4	0	0	1	0	0	16,013
		Hopewell	4	0	1	0	0	0	2,038
		Hopewell Township	4	0	0	0	1	0	17,756
		Howell Township	4	10	7	3	2	0	50,550
		Irvington	4	1	1	0	0	0	58,921
		Jackson Township	4	2	0	4	1	0	51,909
		Jefferson Township	4	0	0	0	1	0	21,620
		Jersey City	4	8	2	2	1	0	239,794
		Keansburg	4	21	3	2	1	0	10,627
		Keyport	4	0	0	0	1	0	7,511
		Lacey Township	4	4	1	0	0	0	26,249
		Lakehurst	4	1	0	0	0	0	2,685
		Lakewood Township	4	6	18	0	1	0	68,886
		Lambertville	4	0	1	1	1	0	3,843
		Lawrence Township	4	7	1	1	0	0	31,425
		Leonia	4	0	1	0	0	0	8,860
		Lindenwold	4	0	0	0	1	0	17,278
		Linwood	4	3	0	2	0	0	7,404
		Little Egg Harbor Township	4	9	0	1	0	0	19,849
		Little Falls Township	4	2	1	2	1	0	11,907
		Little Silver	4	0	1	0	0	0	6,142
		Livingston Township	4	1	0	0	0	0	27,764
		Lodi	4	5	0	2	1	0	24,329
		Long Beach Township	4	1	0	0	0	0	3,464
		Lower Township	4	1	0	0	0	0	21,458
		Lyndhurst Township	4	1	1	0	0	0	19,455
		Madison	4	1	1	0	0	0	15,930
		Mahwah Township	4	0	2	0	0	0	24,652
		Manalapan Township	4	7	13	0	3	0	36,867
		Manasquan	4	0	1	0	0	0	6,206
		Manchester Township	4	3	1	0	0	0	41,934
		Mansfield Township, Warren County	4	1	0	0	0	0	8,280
		Manville	4	0	0	0	1	0	10,412
		Maple Shade Township	4	2	0	0	0	0	19,517
		Maplewood Township	4	1	1	0	1	0	23,142
		Margate City	4	1	0	0	0	0	8,673
		Marlboro Township	4	2	4	0	0	0	39,695
		Matawan	4	1	0	0	0	0	8,826
		Maywood	4	1	0	0	0	0	9,449
		Medford Lakes	4	1	0	0	0	0	4,188
		Mendham	4	0	1	0	0	0	5,176
		Metuchen	4	0	0	1	0	0	13,393
		Middlesex	4	0	0	1	0	0	13,949
		Middle Township	4	5	0	1	0	0	16,632
		Middletown Township	4	5	4	0	0	0	67,877
		Millburn Township	4	0	1	0	0	0	19,384
		Milltown	4	1	2	0	0	0	7,135
		Millville	4	4	0	0	1	0	27,907
		Monroe Township, Gloucester County	4	2	0	0	0	0	31,485
		Montclair	4	5	3	2	1	0	37,827
		Montgomery Township	4	2	0	0	0	0	22,758
		Montville Township	4	1	0	0	0	0	21,428
		Moorestown Township	4	2	0	0	0	0	20,026
		Morris Township	4	3	0	0	0	0	21,442
		Mount Arlington	4	1	0	0	0	0	5,336
		Mount Holly Township	4	3	0	0	0	0	10,674
		Mount Laurel Township	4	2	0	0	0	0	40,666
		Mount Olive Township	4	3	3	1	0	0	25,956
		Neptune Township	4	0	0	1	0	0	28,257
		Netcong	4	0	2	0	0	0	3,297
		Newark	4	1	0	0	0	0	280,877
		New Brunswick	4	0	3	1	1	0	50,194
		New Milford	4	0	1	0	0	0	16,330
		New Providence	4	0	1	0	0	0	11,914
		North Bergen Township	4	1	0	0	0	0	57,735
		North Brunswick Township	4	2	0	1	0	0	39,703
		North Wildwood	4	1	0	0	0	0	4,782
		Nutley Township	4	3	1	0	1	0	27,476
		Oakland	4	0	2	0	0	0	13,655
		Ocean Gate	4	1	0	0	0	0	2,111
		Oceanport	4	1	1	0	0	0	5,784
		Oradell	4	1	0	0	0	0	8,011
		Orange	4	0	0	0	3	0	32,142
		Palisades Park	4	1	0	0	0	0	18,871
		Palmyra	4	1	0	0	0	0	7,647
		Paramus	4	1	2	0	0	0	26,565
		Parsippany-Troy Hills Township	4	0	1	0	2	0	51,655
		Passaic	4	0	4	0	1	0	68,390
		Paulsboro	4	2	0	0	0	0	6,101
		Pemberton Township	4	1	0	0	0	0	28,917
		Pennsauken Township	4	1	1	1	0	0	35,555
		Pequannock Township	4	1	0	0	0	0	15,598
		Phillipsburg	4	1	0	0	1	0	14,931
		Piscataway Township	4	1	0	0	0	0	52,734
		Plainsboro Township	4	2	0	0	0	0	21,380
		Pohatcong Township	4	1	1	0	0	0	3,414
		Point Pleasant	4	1	2	0	1	0	19,876
		Point Pleasant Beach	4	0	1	0	2	0	5,401
		Princeton	4	1	0	0	3	0	13,505
		Randolph Township	4	1	0	0	0	0	25,755
		Raritan Township	4	2	0	0	0	0	22,686
		Red Bank	4	1	0	1	0	0	11,885
		Ridgefield	4	0	2	0	0	0	11,022
		Riverton	4	0	1	0	0	0	2,741
		Rockaway Township	4	2	2	0	0	0	25,559
		Roselle	4	1	0	0	0	0	21,281
		Roxbury Township	4	1	0	0	0	0	23,872
		Rumson	4	1	2	0	0	0	7,239
		Runnemede	4	2	0	0	0	0	8,526
		Rutherford	4	0	1	1	1	1	17,981
		Saddle Brook Township	4	1	2	0	0	0	13,357
		Sayreville	4	2	2	0	1	0	43,050
		Sea Isle City	4	1	0	0	0	0	2,970
		Shrewsbury	4	1	0	0	0	0	3,745
		Somerville	4	1	0	0	0	0	12,487
		South Bound Brook	4	0	0	0	1	0	4,508
		South Brunswick Township	4	3	0	1	2	0	40,626
		South Harrison Township	4	2	0	0	0	0	2,889
		South Orange	4	0	1	0	0	0	16,625
		South Plainfield	4	0	1	0	0	0	23,082
		South River	4	0	1	0	0	0	16,072
		Spotswood	4	3	0	1	1	0	8,243
		Springfield	4	1	0	0	0	0	14,749
		Stafford Township	4	2	0	0	0	0	25,541
		Stratford	4	1	0	0	0	0	7,189
		Swedesboro	4	1	0	0	0	0	2,052
		Teaneck Township	4	2	10	0	1	0	39,665
		Tenafly	4	0	1	0	0	0	14,373
		Tinton Falls	4	1	1	2	0	0	17,287
		Toms River Township	4	1	0	0	1	0	94,732
		Trenton	4	3	0	0	1	0	84,703
		Tuckerton	4	1	0	0	0	0	3,783
		Union City	4	1	1	1	0	0	65,178
		Union Township	4	1	0	0	0	0	55,368
		Ventnor City	4	0	2	0	0	0	12,747
		Voorhees Township	4	2	0	1	1	0	28,980
		Waldwick	4	0	0	1	0	0	9,657
		Wallington	4	1	0	0	0	0	11,500
		Warren Township	4	2	0	0	0	0	15,648
		Washington	4	1	2	0	0	0	6,881
		Washington Township, Bergen County	4	0	1	0	0	0	9,672
		Washington Township, Gloucester County	4	1	0	1	0	0	50,928
		Washington Township, Mercer County	4	0	1	0	0	0	11,628
		Waterford Township	4	0	0	0	1	0	10,721
		West Caldwell Township	4	0	1	0	0	0	10,959
		Westfield	4	2	0	1	0	0	29,941
		West Long Branch	4	3	1	3	0	0	8,292
		West Orange	4	1	2	0	0	0	44,264
		West Paterson	4	0	0	1	0	0	11,254
		West Windsor Township	4	1	0	0	0	1	26,005
		Winfield Township	4	0	1	0	0	0	1,499
		Winslow Township	4	4	0	0	0	0	37,536
		Woodbine	4	0	1	0	0	0	2,571
		Woodbridge Township	4	1	2	0	0	0	100,655
		Wood-Ridge	4	0	1	0	0	0	7,640
		Woodbury	4	6	0	1	0	0	10,443
		Woodbury Heights	4	1	0	0	0	0	3,024
		Woodstown	4	1	0	0	0	0	3,315
		Wyckoff Township	4	0	1	0	0	0	17,219
	State Police Agencies			3	2	0	0	0	
		State Police:							
		Burlington County	4	0	1	0	0	0	
		Cumberland County	4	0	1	0	0	0	
		Monmouth County	4	1	0	0	0	0	
		Sussex County	4	1	0	0	0	0	
		Warren County	4	1	0	0	0	0	
	Other Agencies			4	0	0	0	0	
		New Jersey Transit Police	1	4	0	0	0	0	
NEW MEXICO	Total			6	1	5	8	0	
	Cities			6	1	5	7	0	
		Albuquerque	4	1	0	4	5	0	500,955
		Bloomfield	3	1	0	0	0	0	7,543
		Corrales	4	0	0	1	0	0	7,742
		Farmington	4	4	1	0	2	0	43,748
	Metropolitan Counties			0	0	0	1	0	
		San Juan	3	0	0	0	1	0	
NEW YORK	Total			145	250	86	41	0	
	Cities			78	153	73	26	0	
		Beacon	4	0	0	0	1	0	14,876
		Binghamton	2	0	1	2	0	0	45,614
		Colonie Town	4	4	0	2	5	0	77,357
		Cortland	1	1	0	0	0	0	18,572
		Dewitt Town	4	0	1	0	0	0	22,015
		Eastchester Town	1	1	0	0	0	0	18,675
		Ellenville Village	4	0	0	1	0	0	3,965
		Endicott Village	3	1	0	0	0	0	12,673
		Glenville Town	1	0	0	0	1	0	20,988
		New York	4	52	146	59	17	0	8,165,001
		Niskayuna Town	3	4	0	0	0	0	21,511
		Perry Village	4	1	0	0	0	0	3,802
		Port Chester Village	4	0	1	0	0	0	27,961
		Poughkeepsie	1	0	0	0	1	0	30,436
		Rensselaer City	4	1	0	0	0	0	7,880
		Rochester	4	8	1	5	0	0	211,656
		Saugerties Town	2	0	0	0	1	0	15,490
		Schenectady	1	1	0	0	0	0	61,444
		Troy	1	0	1	0	0	0	48,439
		Utica	1	0	0	1	0	0	59,495
		Vestal Town	4	1	0	0	0	0	27,496
		Watertown	2	1	0	1	0	0	27,293
		West Seneca Town	3	2	0	0	0	0	44,829
		Yonkers	1	0	1	2	0	0	196,951
		Yorktown Town	1	0	1	0	0	0	37,121
	Universities and Colleges			4	4	2	0	0	
		Cornell University	1	0	1	0	0	0	
		State University of New York:							
		Buffalo	1	1	0	1	0	0	
		Stony Brook	1	0	1	0	0	0	
		State University of New York College:							
		Buffalo	1	1	0	1	0	0	
		New Paltz	1	0	2	0	0	0	
		Oswego	1	1	0	0	0	0	
		Plattsburgh	1	1	0	0	0	0	
	Metropolitan Counties			63	90	10	14	0	
		Chemung	3	0	0	0	1	0	
		Monroe	4	3	0	0	0	0	
		Nassau	4	27	57	2	5	0	
		Suffolk County Police Department	4	33	33	8	8	0	
	Nonmetropolitan Counties			0	1	0	0	0	
		Sullivan	4	0	1	0	0	0	
	State Police Agencies			0	2	1	1	0	
		State Police:							
		Dutchess County	1	0	0	0	1	0	
		Ontario County	1	0	0	1	0	0	
		Putnam County	1	0	1	0	0	0	
		Sullivan County2	1	0	1	0	0	0	
NORTH CAROLINA	Total			77	5	9	9	0	
	Cities			47	4	6	9	0	
		Albemarle	4	1	0	0	0	0	15,631
		Asheboro	4	1	0	0	0	0	24,111
		Asheville	4	1	0	2	0	0	73,672
		Cary	4	1	1	0	0	0	108,563
		Chapel Hill	4	2	0	0	0	0	50,532
		Charlotte-Mecklenburg	4	5	2	1	3	0	699,398
		Cherryville	4	2	0	0	0	0	5,564
		Dunn	4	1	0	0	0	0	10,086
		Durham	4	8	0	1	1	0	208,932
		Gastonia	4	1	1	0	0	0	70,340
		High Point	4	1	0	1	0	0	96,983
		Kernersville	4	1	0	0	0	0	21,787
		Lenoir	4	0	0	0	1	0	18,269
		Lexington	4	1	0	1	0	0	20,805
		Longview	4	1	0	0	0	0	4,937
		Matthews	4	3	0	0	0	0	25,811
		Middlesex	1	1	0	0	0	0	868
		Morganton	4	2	0	0	0	0	17,381
		Mount Airy	4	1	0	0	2	0	8,623
		Raleigh	4	3	0	0	0	0	348,345
		Reidsville	4	4	0	0	2	0	15,073
		Roxboro	4	1	0	0	0	0	8,930
		Salisbury	4	1	0	0	0	0	28,113
		Smithfield	4	1	0	0	0	0	12,209
		Statesville	4	1	0	0	0	0	25,371
		Thomasville	4	2	0	0	0	0	26,388
	Universities and Colleges			1	1	2	0	0	
		University of North Carolina:							
		Chapel Hill	4	0	1	0	0	0	
		Greensboro	4	1	0	1	0	0	
		Western Carolina University	4	0	0	1	0	0	
	Metropolitan Counties			21	0	1	0	0	
		Caldwell	4	1	0	0	0	0	
		Cumberland	4	5	0	0	0	0	
		Gaston County Police Department	4	4	0	0	0	0	
		Guilford	4	4	0	0	0	0	
		Johnston	4	1	0	1	0	0	
		Pitt	4	5	0	0	0	0	
		Wake	4	1	0	0	0	0	
	Nonmetropolitan Counties			8	0	0	0	0	
		Beaufort	4	1	0	0	0	0	
		Harnett	4	1	0	0	0	0	
		Iredell	4	5	0	0	0	0	
		Pasquotank	4	1	0	0	0	0	
NORTH DAKOTA	Total			13	1	0	2	0	
	Cities			9	1	0	0	0	
		Fargo	4	2	0	0	0	0	90,818
		Grafton	4	1	1	0	0	0	4,243
		Grand Forks	4	1	0	0	0	0	50,239
		Mandan	4	5	0	0	0	0	17,203
	Metropolitan Counties			1	0	0	0	0	
		Burleigh	4	1	0	0	0	0	
	Nonmetropolitan Counties			3	0	0	2	0	
		Burke	4	1	0	0	0	0	
		McLean	4	0	0	0	1	0	
		Mountrail	4	2	0	0	0	0	
		Ward	4	0	0	0	1	0	
OHIO	Total			184	32	34	44	6	
	Cities			152	24	29	41	3	
		Akron	4	6	1	0	0	0	211,052
		Alliance	1	1	0	0	0	0	22,829
		Amelia	4	0	1	0	0	0	3,485
		Austintown	4	1	0	0	0	0	36,659
		Berea	4	1	0	0	0	0	18,264
		Blue Ash	4	0	2	0	0	0	11,761
		Bowling Green	4	1	0	0	0	0	29,829
		Celina	4	0	0	0	1	0	10,361
		Champion Township	4	1	0	0	0	0	9,546
		Cincinnati	4	3	0	0	0	0	309,104
		Cleveland	4	9	0	1	5	0	452,759
		Columbus	4	43	8	11	18	1	731,547
		Dayton	4	3	0	1	1	0	159,067
		Defiance	4	2	0	0	1	0	16,170
		Delaware	3	1	0	0	0	0	31,360
		Englewood	4	1	0	0	0	0	12,743
		Euclid	4	1	0	0	0	0	49,679
		Fairborn	4	2	0	0	0	0	31,689
		Findlay	4	1	0	1	0	0	39,166
		Gahanna	3	3	0	0	1	0	33,117
		Galion	4	2	1	0	0	0	11,463
		Garfield Heights	4	3	0	0	0	0	29,077
		Grove City	4	1	0	0	0	0	30,930
		Groveport	4	1	0	0	0	0	4,759
		Heath	4	0	0	0	1	0	8,899
		Howland Township	4	2	0	0	0	0	17,041
		Hubbard Township	4	1	0	0	0	0	5,907
		Huber Heights	4	11	1	0	0	0	38,135
		Jackson Township, Stark County	2	2	0	0	0	0	40,324
		Kent	4	3	0	0	0	0	28,169
		Kettering	4	1	0	0	0	0	55,549
		Lakewood	4	2	1	0	0	0	53,309
		Lancaster	3	1	0	0	0	0	36,107
		Mansfield	4	1	1	6	0	0	50,677
		Mason	4	0	0	0	1	0	28,882
		Miami Township	4	0	1	0	0	0	39,327
		Montpelier	4	1	0	0	0	0	4,140
		New Bremen	4	1	0	0	0	0	2,997
		Niles	4	2	0	1	2	0	20,040
		North Canton	4	1	0	0	0	0	16,800
		North College Hill	4	5	1	2	0	0	9,370
		North Olmsted	4	0	1	0	0	0	32,693
		Northwood	4	1	0	1	1	0	5,506
		Oregon	4	1	0	0	0	0	19,198
		Parma	4	0	0	0	3	0	81,568
		Perry Township, Stark County	4	1	0	0	0	0	28,592
		Pickerington	4	1	1	0	0	0	15,897
		Piqua	4	0	0	4	0	0	20,908
		Portsmouth	2	1	0	0	1	1	20,125
		Reynoldsburg	4	3	3	0	1	0	33,099
		Riverside	4	1	0	0	0	0	22,761
		Solon	4	0	1	0	0	0	22,362
		South Euclid	4	2	0	0	0	1	22,237
		Stow	3	1	0	0	0	0	34,446
		Upper Arlington	4	2	0	0	1	0	31,588
		Van Wert	4	2	0	0	0	0	10,448
		Wapakoneta	4	1	0	0	0	0	9,614
		Warren Township	4	1	0	0	0	0	6,274
		Washington Court House	4	1	0	0	0	0	13,482
		West Carrollton	4	1	0	0	1	0	13,214
		West Chester Township	4	2	0	0	0	0	54,267
		Westerville	4	0	0	1	0	0	34,764
		Willard	4	0	0	0	1	0	6,826
		Wilmington	4	3	0	0	0	0	12,489
		Youngstown	4	6	0	0	1	0	82,938
	Universities and Colleges			5	1	1	0	0	
		Ohio State University	4	1	0	1	0	0	
		Ohio University	4	0	1	0	0	0	
		University of Cincinnati	4	2	0	0	0	0	
		University of Toledo	4	2	0	0	0	0	
	Metropolitan Counties			15	6	4	2	0	
		Butler	3	1	0	0	0	0	
		Delaware	2	3	0	0	0	0	
		Greene	4	1	0	0	0	0	
		Hamilton	4	0	1	0	0	0	
		Jefferson	4	1	0	0	0	0	
		Lorain	4	1	0	0	0	0	
		Lucas	4	2	0	4	0	0	
		Richland	4	4	1	0	0	0	
		Stark	4	0	1	0	1	0	
		Summit	4	0	1	0	1	0	
		Trumbull	4	1	0	0	0	0	
		Union	4	1	2	0	0	0	
	Nonmetropolitan Counties			11	1	0	1	3	
		Hancock	4	0	0	0	0	1	
		Logan	4	1	0	0	0	1	
		Paulding	4	1	0	0	0	0	
		Ross	4	9	0	0	1	1	
		Wayne	4	0	1	0	0	0	
	Other Agencies			1	0	0	0	0	
		Cleveland Metropolitan Park District	2	1	0	0	0	0	
OKLAHOMA	Total			29	8	7	6	1	
	Cities			18	7	6	5	1	
		Ada	4	0	0	1	0	0	16,140
		Alva	4	0	0	1	0	0	4,943
		Broken Arrow	4	0	1	0	0	0	86,989
		Choctaw	4	1	0	0	0	0	10,622
		Cleveland	4	1	0	0	0	0	3,276
		Edmond	4	3	3	1	0	1	75,542
		Lawton	4	0	0	1	0	0	91,031
		Lindsay	4	1	0	0	0	0	2,916
		Miami	4	1	0	0	0	0	13,685
		Midwest City	4	1	0	0	0	0	55,375
		Norman	4	5	0	0	1	0	102,617
		Owasso	4	0	1	0	0	0	23,981
		Pauls Valley	4	0	0	0	1	0	6,233
		Perkins	4	1	0	0	0	0	2,205
		Ponca City	4	1	0	0	0	0	25,291
		Sand Springs	4	1	0	0	0	0	17,823
		Shawnee	4	1	0	1	0	0	30,087
		Stillwater	4	0	0	0	1	0	41,267
		Tahlequah	4	0	0	1	0	0	16,217
		Tulsa	4	1	2	0	2	0	385,834
	Universities and Colleges			3	1	0	1	0	
		University of Central Oklahoma	4	1	1	0	1	0	
		University of Oklahoma, Health Sciences Center	4	2	0	0	0	0	
	Metropolitan Counties			4	0	0	0	0	
		Logan	4	3	0	0	0	0	
		Tulsa	4	1	0	0	0	0	
	Nonmetropolitan Counties			3	0	1	0	0	
		Jackson	4	1	0	0	0	0	
		Pottawatomie	4	2	0	0	0	0	
		Seminole	4	0	0	1	0	0	
	Other Agencies			1	0	0	0	0	
		McAlester Public Schools	4	1	0	0	0	0	
OREGON	Total			66	27	25	23	0	
	Cities			54	18	23	17	0	
		Albany	4	0	0	1	0	0	45,532
		Astoria	4	1	0	0	0	0	9,944
		Bandon	4	0	0	1	0	0	2,956
		Beaverton	4	1	1	0	1	0	87,181
		Bend	4	4	0	2	0	0	68,253
		Coos Bay	4	1	0	0	0	0	16,082
		Corvallis	4	1	1	1	1	0	50,366
		Forest Grove	4	2	0	0	0	0	20,012
		Grants Pass	4	0	0	0	1	0	29,356
		Hubbard	4	0	0	0	1	0	2,587
		Keizer	4	1	0	0	0	0	35,212
		La Grande	4	0	0	2	0	0	12,644
		Manzanita	4	0	0	2	0	0	625
		Medford	4	2	0	0	1	0	71,297
		Mount Angel	4	2	0	0	1	0	3,410
		Newberg-Dundee	4	0	0	0	1	0	24,046
		Newport	4	0	1	0	1	0	9,994
		Pendleton	4	1	0	1	0	0	16,909
		Portland	4	16	9	9	6	0	542,174
		Salem	4	3	1	3	3	0	151,190
		Springfield	4	5	0	1	0	0	56,553
		Tigard	4	13	5	0	0	0	48,755
		Woodburn	4	1	0	0	0	0	22,092
	Metropolitan Counties			11	8	2	4	0	
		Clackamas	4	3	0	0	1	0	
		Deschutes	4	2	0	0	1	0	
		Jackson	4	0	0	1	0	0	
		Lane	4	4	7	1	1	0	
		Multnomah	4	0	1	0	0	0	
		Yamhill	4	2	0	0	1	0	
	Nonmetropolitan Counties			1	1	0	2	0	
		Douglas	4	0	0	0	1	0	
		Tillamook	4	1	1	0	0	0	
		Umatilla	4	0	0	0	1	0	
PENNSYLVANIA	Total			62	18	13	4	0	
	Cities			45	14	7	2	0	
		Abington Township	4	2	0	0	0	0	55,314
		Altoona	4	0	1	0	0	0	47,218
		Carlisle	4	3	0	0	0	0	18,124
		Erie	4	1	0	0	0	0	102,703
		Harrisburg	4	4	0	1	0	0	47,514
		Johnstown	3	1	0	1	0	0	24,144
		Juniata Valley Regional	4	1	0	0	0	0	434
		Lancaster	4	1	0	0	1	0	54,805
		Manheim Township	4	1	0	0	0	0	35,608
		Mercersburg	4	1	0	0	0	0	1,550
		Middletown	4	1	0	0	0	0	8,952
		Northern York Regional	4	1	0	0	0	0	60,162
		Philadelphia	4	20	10	4	0	0	1,464,576
		Pittsburgh	3	6	2	0	1	0	324,604
		Reading	4	1	0	1	0	0	80,927
		Springettsbury Township	4	0	1	0	0	0	24,348
		Warwick Township, Bucks County	4	1	0	0	0	0	14,551
	Universities and Colleges			7	2	6	2	0	
		Cheyney University	4	0	0	0	1	0	
		West Chester University	4	7	2	6	1	0	
	State Police Agencies			9	2	0	0	0	
		State Police:							
		Berks County	4	1	0	0	0	0	
		Lancaster County	4	1	0	0	0	0	
		Lehigh County	4	1	0	0	0	0	
		Monroe County	4	3	0	0	0	0	
		Pike County	4	1	0	0	0	0	
		Skippack	4	1	1	0	0	0	
		York County	4	1	1	0	0	0	
	Other Agencies			1	0	0	0	0	
		State Capitol Police	4	1	0	0	0	0	
RHODE ISLAND	Total			5	9	4	1	0	
	Cities			4	9	4	1	0	
		Cranston	4	0	0	0	1	0	80,963
		East Providence	4	1	0	0	0	0	49,120
		Hopkinton	4	0	1	0	0	0	8,056
		Newport	4	0	1	0	0	0	25,138
		Pawtucket	4	0	1	1	0	0	73,154
		Portsmouth	4	1	5	0	0	0	16,992
		South Kingstown	4	1	0	0	0	0	29,093
		Tiverton	4	1	0	0	0	0	15,214
		Warwick	4	0	1	1	0	0	86,538
		West Greenwich	4	0	0	1	0	0	5,632
		West Warwick	4	0	0	1	0	0	29,745
	Universities and Colleges			1	0	0	0	0	
		Brown University	4	1	0	0	0	0	
SOUTH CAROLINA	Total			61	12	23	7	7	
	Cities			29	2	17	5	1	
		Abbeville	4	2	0	0	0	1	5,821
		Anderson	4	2	0	0	0	0	26,302
		Beaufort	4	1	0	0	1	0	12,246
		Bennettsville	4	0	0	1	0	0	9,496
		Bishopville	4	0	0	1	0	0	3,891
		Calhoun Falls	4	1	0	0	0	0	2,299
		Central	4	1	0	0	0	0	4,102
		Cheraw	4	1	0	1	0	0	5,559
		Clover	4	0	0	1	0	0	4,317
		Conway	4	0	0	1	0	0	13,651
		Darlington	4	2	0	0	0	0	6,626
		Denmark	4	5	0	0	0	0	3,179
		Florence	4	1	0	1	0	0	31,755
		Forest Acres	4	2	0	1	0	0	10,146
		Goose Creek	4	0	0	1	0	0	33,022
		Hemingway	4	1	0	0	0	0	532
		Laurens	4	1	0	1	0	0	9,977
		Moncks Corner	4	1	0	0	0	0	6,626
		Myrtle Beach	4	0	0	2	1	0	27,007
		North Augusta	4	0	0	2	0	0	19,770
		North Charleston	4	0	0	1	0	0	87,655
		Pickens	4	1	0	0	0	0	3,020
		Rock Hill	4	2	0	0	0	0	60,480
		Santee	4	1	0	1	0	0	732
		Spartanburg	4	0	0	1	0	0	38,976
		Summerville	4	1	0	0	0	0	38,300
		Tega Cay	4	0	0	0	2	0	4,440
		Turbeville	4	0	0	0	1	0	735
		Ware Shoals	4	1	0	0	0	0	2,414
		Williamston	4	1	0	0	0	0	3,938
		Winnsboro	4	0	2	1	0	0	3,668
		York	4	1	0	0	0	0	7,345
	Universities and Colleges			1	1	3	1	0	
		Clemson University	4	1	0	0	1	0	
		College of Charleston	4	0	0	1	0	0	
		Lander University	4	0	0	1	0	0	
		South Carolina State University	4	0	1	0	0	0	
		University of South Carolina, Upstate	4	0	0	1	0	0	
	Metropolitan Counties			16	2	0	1	0	
		Aiken	4	1	0	0	0	0	
		Anderson	4	1	0	0	0	0	
		Darlington	4	1	0	0	0	0	
		Greenville	4	7	0	0	1	0	
		Lexington	4	1	0	0	0	0	
		Pickens	4	2	0	0	0	0	
		Richland	4	2	1	0	0	0	
		Spartanburg	4	1	0	0	0	0	
		York	4	0	1	0	0	0	
	Nonmetropolitan Counties			15	7	3	0	6	
		Abbeville	4	0	1	0	0	0	
		Chester	4	1	6	1	0	2	
		Chesterfield	4	1	0	0	0	1	
		Clarendon	4	3	0	0	0	0	
		Dillon	4	7	0	0	0	0	
		Georgetown	4	1	0	0	0	0	
		Greenwood	4	0	0	1	0	0	
		Lee	4	1	0	0	0	3	
		Oconee	4	0	0	1	0	0	
		Union	4	1	0	0	0	0	
SOUTH DAKOTA	Total			65	4	6	1	0	
	Cities			65	3	5	1	0	
		Kadoka	4	1	0	0	0	0	673
		Miller	4	0	0	1	0	0	1,375
		Rapid City	4	42	0	0	0	0	62,647
		Sioux Falls	4	21	3	3	1	0	140,593
		Vermillion	4	1	0	1	0	0	10,041
	Metropolitan Counties			0	1	0	0	0	
		Minnehaha	4	0	1	0	0	0	
	Nonmetropolitan Counties			0	0	1	0	0	
		Butte	4	0	0	1	0	0	
TENNESSEE	Total			98	37	44	22	1	
	Cities			78	27	36	19	1	
		Alcoa	4	0	0	1	0	0	8,495
		Bartlett	4	1	0	0	0	0	43,813
		Bristol	4	2	3	1	0	0	25,312
		Chattanooga	4	0	2	0	1	0	156,730
		Clarksville	4	3	4	2	1	0	114,314
		Cleveland	4	0	3	1	0	0	38,672
		Collegedale	4	1	0	0	0	0	7,307
		Columbia	4	1	0	0	0	0	34,207
		Cookeville	4	0	1	0	2	0	28,096
		Crossville	4	1	0	1	0	0	10,557
		Dickson	4	2	0	0	0	0	13,037
		Dyersburg	4	2	1	2	0	0	17,688
		East Ridge	4	2	0	0	1	0	20,073
		Elizabethton	4	3	0	0	1	0	14,121
		Erwin	4	0	0	1	0	0	5,860
		Fayetteville	4	2	0	0	0	0	7,123
		Franklin	4	1	0	0	0	0	53,989
		Gallatin	4	1	0	0	0	0	27,060
		Goodlettsville	4	1	0	0	0	0	15,515
		Greenfield	4	1	0	0	0	0	2,111
		Humboldt	4	1	0	0	0	0	9,387
		Jackson	4	0	1	2	0	0	62,889
		Johnson City	4	4	1	1	0	0	59,465
		Jonesborough	4	1	0	0	0	0	4,608
		Kingsport	4	0	0	1	0	0	44,691
		Knoxville	4	8	0	1	0	0	182,421
		La Vergne	4	2	0	0	0	0	26,214
		Lebanon	4	0	0	0	1	0	23,336
		Manchester	4	0	1	0	0	0	9,618
		McMinnville	4	1	0	2	0	0	13,410
		Memphis	4	13	3	12	7	1	680,828
		Mount Juliet	4	0	0	0	1	0	18,329
		Mount Pleasant	4	1	0	0	0	0	4,509
		Murfreesboro	4	3	0	0	0	0	87,897
		Nashville	4	17	4	6	3	0	560,813
		Paris	4	0	1	0	0	0	10,000
		Portland	4	0	0	1	0	0	10,474
		Pulaski	4	0	0	0	1	0	8,018
		Red Bank	4	0	1	0	0	0	11,875
		Ridgely	4	0	0	1	0	0	1,613
		Ripley	4	1	0	0	0	0	7,871
		Signal Mountain	4	0	1	0	0	0	7,237
		Vonore	4	1	0	0	0	0	1,401
		Winchester	4	1	0	0	0	0	7,851
	Universities and Colleges			3	1	1	0	0	
		Middle Tennessee State University	4	1	0	1	0	0	
		University of Memphis	4	1	0	0	0	0	
		University of Tennessee, Chattanooga	4	1	0	0	0	0	
		Vanderbilt University	4	0	1	0	0	0	
	Metropolitan Counties			12	8	7	3	0	
		Blount	4	0	2	1	0	0	
		Bradley	4	1	1	1	0	0	
		Cheatham	4	0	0	2	0	0	
		Dickson	4	1	0	0	0	0	
		Hamblen	4	2	0	0	0	0	
		Hamilton	4	0	1	0	0	0	
		Knox	4	0	3	2	2	0	
		Rutherford	4	1	1	0	0	0	
		Shelby	4	2	0	0	1	0	
		Sullivan	4	4	0	1	0	0	
		Williamson	4	1	0	0	0	0	
	Nonmetropolitan Counties			5	1	0	0	0	
		Benton	4	1	0	0	0	0	
		Cumberland	4	1	0	0	0	0	
		Hardin	4	1	0	0	0	0	
		Lewis	4	1	0	0	0	0	
		Marshall	4	1	0	0	0	0	
		Sevier	4	0	1	0	0	0	
TEXAS	Total			124	27	47	46	1	
	Cities			108	22	42	40	1	
		Alvin	4	1	0	0	0	0	22,799
		Anthony	4	0	0	1	0	0	4,187
		Arlington	4	1	0	0	0	0	373,086
		Austin	4	8	1	2	2	0	709,813
		Bangs	4	1	0	0	0	0	1,669
		Bellaire	4	0	1	0	0	0	17,694
		Blanco	3	0	0	0	0	1	1,655
		Burleson	4	2	0	0	0	0	30,452
		Carrollton	4	0	0	0	1	0	122,239
		Cedar Hill	4	0	0	1	0	0	42,760
		Cleburne	4	1	0	0	0	0	30,011
		Corpus Christi	4	3	1	3	6	0	291,507
		Dallas	4	13	5	13	8	0	1,248,223
		Deer Park	4	1	0	0	0	0	29,815
		Denison	4	2	0	0	1	0	24,318
		Denton	4	1	0	0	0	0	107,105
		DeSoto	4	1	0	0	0	0	45,918
		Donna	4	0	0	1	0	0	16,295
		Dublin	4	1	0	0	0	0	3,766
		El Paso	4	1	0	2	1	0	615,553
		Ennis	4	1	0	0	0	0	19,266
		Euless	4	0	1	0	0	0	52,678
		Forest Hill	4	1	0	0	0	0	13,602
		Forney	4	1	0	0	0	0	10,879
		Fort Worth	4	6	0	0	4	0	641,752
		Galveston	4	2	1	0	0	0	59,094
		Garland	4	8	0	2	1	0	222,477
		Glenn Heights	4	1	0	1	0	0	9,588
		Grapevine	4	2	0	0	0	0	48,805
		Hallettsville	4	1	0	0	0	0	2,568
		Haltom City	4	1	0	0	0	0	41,005
		Henderson	4	1	0	0	0	0	11,822
		Houston	4	8	1	4	7	0	2,073,729
		Hutto	4	1	0	0	0	0	7,611
		Killeen	4	1	0	0	0	0	103,073
		Lewisville	4	1	1	1	1	0	92,908
		Longview	4	8	0	1	1	0	77,752
		Mansfield	4	1	0	1	0	0	39,052
		Midland	4	2	0	0	1	0	102,039
		Missouri City	4	1	0	0	0	0	71,923
		Munday	4	0	1	0	0	0	1,387
		New Braunfels	4	0	0	0	1	0	48,505
		Oak Ridge North	4	1	0	0	0	0	3,400
		Plano	4	4	0	0	0	0	257,183
		Prosper	4	0	1	0	0	0	4,326
		Richardson	4	0	1	0	0	0	101,998
		Round Rock	4	1	0	0	0	0	88,762
		San Angelo	4	2	0	0	0	0	90,508
		San Antonio	4	13	2	9	4	0	1,292,116
		Selma	4	1	0	0	0	0	2,351
		Temple	4	0	1	0	0	0	57,018
		Tyler	4	1	2	0	0	0	94,541
		Wichita Falls	4	0	2	0	0	0	102,675
		Yorktown	4	0	0	0	1	0	2,329
	Universities and Colleges			2	2	3	0	0	
		Midwestern State University	4	1	0	0	0	0	
		Texas A&M University, Corpus Christi	4	0	0	1	0	0	
		Texas State University, San Marcos	4	1	1	0	0	0	
		University of Texas, Austin	4	0	1	2	0	0	
	Metropolitan Counties			9	2	2	5	0	
		Harris	4	8	1	0	2	0	
		Johnson	4	1	0	0	0	0	
		Lubbock	4	0	0	2	0	0	
		Travis	4	0	0	0	2	0	
		Williamson	4	0	1	0	1	0	
	Nonmetropolitan Counties			5	0	0	0	0	
		Cherokee	4	3	0	0	0	0	
		Grimes	4	1	0	0	0	0	
		Lipscomb	4	1	0	0	0	0	
	Other Agencies			0	1	0	1	0	
		Dallas-Fort Worth International Airport	4	0	0	0	1	0	
		Independent School District, Austin	4	0	1	0	0	0	
UTAH	Total			13	6	6	10	0	
	Cities			9	4	6	10	0	
		Clearfield	4	0	0	1	0	0	28,306
		Clinton	4	1	0	0	0	0	18,313
		Layton	4	1	0	0	0	0	63,795
		Logan	4	1	0	0	0	0	48,900
		Murray	4	0	0	0	1	0	46,007
		Provo	4	1	0	0	0	0	117,156
		Salt Lake City	4	0	1	0	1	0	183,901
		Sandy	4	0	1	0	1	0	92,586
		South Jordan	4	2	0	2	0	0	41,519
		South Salt Lake	4	0	2	1	0	0	22,109
		Springville	4	0	0	0	1	0	26,134
		St. George	4	1	0	0	2	0	66,293
		Washington	4	0	0	0	1	0	14,114
		West Jordan	4	1	0	0	0	0	94,424
		West Valley	4	0	0	2	3	0	116,992
		Woods Cross	4	1	0	0	0	0	8,280
	Metropolitan Counties			3	2	0	0	0	
		Davis	4	0	1	0	0	0	
		Salt Lake	4	1	0	0	0	0	
		Washington	4	2	0	0	0	0	
		Weber	4	0	1	0	0	0	
	Other Agencies			1	0	0	0	0	
		Granite School District	4	1	0	0	0	0	
VERMONT	Total			9	1	9	2	0	
	Cities			8	1	8	2	0	
		Barre	4	1	0	0	0	0	9,141
		Barre Town	4	1	0	1	0	0	8,013
		Burlington	4	4	0	3	0	0	38,584
		Hartford	4	0	0	1	1	0	10,837
		Hinesburg	4	0	0	0	1	0	4,431
		Montpelier	4	1	1	1	0	0	8,014
		St. Johnsbury	4	1	0	1	0	0	7,505
		Stowe	4	0	0	1	0	0	4,739
	Universities and Colleges			1	0	0	0	0	
		University of Vermont	4	1	0	0	0	0	
	State Police Agencies			0	0	1	0	0	
		State Police, Brattleboro	4	0	0	1	0	0	
VIRGINIA	Total			200	47	37	24	33	
	Cities			109	25	22	15	12	
		Abingdon	4	0	0	0	1	0	8,004
		Alexandria	4	8	0	1	1	0	136,686
		Appalachia	4	0	0	0	1	0	1,789
		Ashland	4	1	0	0	0	0	7,066
		Bedford	4	2	0	0	0	0	6,273
		Berryville	4	0	0	0	0	1	3,188
		Blackstone	4	1	0	0	0	0	3,593
		Bristol	4	0	1	0	0	2	17,508
		Charlottesville	4	1	0	0	0	2	40,840
		Chesapeake	4	6	0	1	0	0	221,150
		Colonial Beach	4	0	0	0	0	2	3,550
		Covington	4	0	1	0	0	0	6,267
		Danville	4	0	2	0	0	0	46,603
		Dumfries	4	1	0	0	0	0	4,864
		Emporia	4	1	0	0	1	0	5,643
		Fairfax City	4	4	0	0	0	0	22,182
		Fredericksburg	4	1	0	0	0	0	20,939
		Front Royal	4	2	0	0	0	0	14,644
		Galax	4	1	0	0	0	0	6,743
		Grottoes	4	1	0	0	0	0	2,190
		Hampton	4	3	0	1	0	0	147,030
		Harrisonburg	4	2	0	1	0	0	40,841
		Herndon	4	0	1	0	0	0	22,184
		Hopewell	4	3	0	0	0	0	22,916
		Leesburg	4	1	0	0	0	0	36,630
		Lynchburg	4	4	1	2	0	0	67,640
		Manassas	4	1	4	0	1	0	37,943
		Manassas Park	4	1	0	0	0	0	11,738
		Marion	4	3	0	0	0	0	6,225
		Newport News	4	11	4	0	3	0	181,692
		Norfolk	4	12	1	5	0	0	234,266
		Orange	4	0	0	0	0	2	4,473
		Petersburg	4	0	0	0	0	1	32,929
		Portsmouth	4	4	0	1	0	0	101,167
		Purcellville	4	1	0	1	0	0	4,727
		Radford	4	1	0	0	0	0	14,720
		Richmond	4	5	4	3	3	0	195,708
		Roanoke	4	6	0	0	0	0	93,554
		Salem	4	1	0	0	1	0	24,900
		Suffolk	4	1	0	1	0	1	79,781
		Tazewell	4	0	0	0	0	1	4,448
		Virginia Beach	4	16	5	4	3	0	442,784
		Waynesboro	4	0	1	1	0	0	21,481
		Williamsburg	4	3	0	0	0	0	11,868
	Universities and Colleges			14	6	8	1	3	
		College of William and Mary	4	0	1	2	0	0	
		Ferrum College	4	0	0	2	0	0	
		George Mason University	4	1	1	1	0	0	
		James Madison University	4	1	0	1	0	0	
		Northern Virginia Community College	4	0	0	1	1	0	
		Old Dominion University	4	1	0	0	0	1	
		Radford University	4	4	0	1	0	1	
		University of Richmond	4	0	0	0	0	1	
		University of Virginia	4	1	0	0	0	0	
		Virginia Commonwealth University	4	1	1	0	0	0	
		Virginia Polytechnic Institute and State University	4	5	3	0	0	0	
	Metropolitan Counties			69	14	6	8	4	
		Albemarle County Police Department	4	3	0	0	0	0	
		Amelia	4	2	0	0	0	0	
		Campbell	4	2	0	0	0	1	
		Chesterfield County Police Department	4	8	2	0	0	0	
		Clarke	4	0	0	0	0	1	
		Craig	3	0	0	0	0	1	
		Fairfax County Police Department	4	12	4	1	0	0	
		Fauquier	4	5	1	1	0	0	
		Fluvanna	4	2	0	0	0	0	
		Gloucester	4	1	0	0	0	0	
		Greene	4	1	0	0	0	0	
		Henrico County Police Department	4	10	3	2	5	0	
		James City County Police Department	4	2	0	0	0	0	
		King and Queen	4	1	0	0	0	0	
		Loudoun	4	9	2	1	3	0	
		Montgomery	4	4	1	0	0	0	
		Nelson	4	1	0	0	0	0	
		New Kent	4	1	0	1	0	0	
		Powhatan	4	1	0	0	0	0	
		Roanoke County Police Department	4	2	0	0	0	0	
		Spotsylvania	4	1	0	0	0	0	
		Warren	4	0	0	0	0	1	
		Washington	4	1	1	0	0	0	
	Nonmetropolitan Counties			8	1	1	0	14	
		Accomack	4	0	0	0	0	7	
		Buckingham	4	0	0	0	0	1	
		Carroll	4	1	0	0	0	0	
		Charlotte	4	1	0	0	0	1	
		Grayson	4	1	0	0	0	0	
		Henry	4	2	0	0	0	0	
		Mecklenburg	4	1	0	1	0	2	
		Middlesex	4	1	0	0	0	0	
		Orange	4	0	0	0	0	2	
		Patrick	4	0	1	0	0	0	
		Southampton	4	0	0	0	0	1	
		Westmoreland	4	1	0	0	0	0	
	Other Agencies			0	1	0	0	0	
		Virginia State Capitol	4	0	1	0	0	0	
WASHINGTON	Total			87	30	37	21	2	
	Cities			68	25	34	14	2	
		Auburn	4	3	1	0	0	0	47,895
		Battle Ground	4	1	0	2	0	0	13,464
		Bellevue	4	0	2	1	0	0	119,150
		Bellingham	4	1	0	0	0	0	75,828
		Bonney Lake	4	1	0	0	1	0	14,862
		Bremerton	4	0	1	0	0	0	38,478
		Burien	4	1	0	1	0	0	31,265
		Centralia	4	4	0	0	0	0	15,669
		Clarkston	4	0	0	0	1	0	7,430
		Covington	4	1	0	0	0	0	16,895
		Everett	4	2	0	0	0	1	98,264
		Federal Way	4	2	1	1	0	0	84,516
		Gig Harbor	4	1	0	0	0	0	6,734
		Kennewick	4	2	0	1	2	1	62,045
		Lakewood	4	5	1	0	1	0	58,662
		Longview	4	2	9	0	1	0	36,758
		Mountlake Terrace	4	1	0	0	0	0	20,599
		Mount Vernon	4	1	0	2	0	0	29,774
		North Bend	4	1	0	0	0	0	4,668
		Oak Harbor	4	2	0	0	0	0	22,711
		Olympia	4	1	0	0	0	0	44,872
		Orting	4	1	0	0	0	0	4,871
		Pacific	4	1	0	0	0	0	5,820
		Pasco	4	1	0	0	0	0	47,293
		Port Angeles	4	1	0	2	0	0	19,252
		Port Orchard	4	2	1	0	0	0	8,123
		Pullman	4	0	0	4	0	0	25,696
		Puyallup	4	1	0	0	0	0	36,477
		Redmond	4	0	2	1	0	0	48,397
		Renton	4	3	1	0	0	0	56,776
		Sammamish	4	1	1	0	0	0	34,954
		SeaTac	4	1	0	0	1	0	25,512
		Seattle	4	3	3	4	1	0	583,772
		Shelton	4	1	0	0	0	0	9,221
		Spokane	4	4	0	7	3	0	200,200
		Spokane Valley	4	3	1	4	0	0	82,778
		Tacoma	4	4	1	1	2	0	199,264
		University Place	4	1	0	0	0	0	30,948
		Vancouver	4	2	0	1	0	0	160,199
		Walla Walla	4	0	0	1	0	0	31,521
		Woodinville	4	0	0	1	0	0	10,059
		Yakima	4	6	0	0	1	0	82,609
	Metropolitan Counties			15	4	2	5	0	
		Chelan	4	0	0	0	1	0	
		Clark	4	2	0	0	1	0	
		Cowlitz	4	1	0	0	0	0	
		King	4	8	4	1	0	0	
		Kitsap	4	2	0	1	0	0	
		Pierce	4	1	0	0	1	0	
		Spokane	4	1	0	0	1	0	
		Yakima	4	0	0	0	1	0	
	Nonmetropolitan Counties			3	0	0	2	0	
		Clallam	4	1	0	0	0	0	
		Island	4	1	0	0	0	0	
		Jefferson	4	1	0	0	0	0	
		Mason	4	0	0	0	1	0	
		Okanogan	4	0	0	0	1	0	
	Other Agencies			1	1	1	0	0	
		Port of Seattle	4	1	1	1	0	0	
WEST VIRGINIA	Total			22	2	8	2	0	
	Cities			14	1	5	2	0	
		Beckley	4	0	0	1	1	0	16,951
		Charleston	4	2	0	0	0	0	51,221
		Dunbar	4	1	0	0	0	0	7,747
		Elkins	4	1	0	0	0	0	7,115
		Fairmont	4	2	0	0	0	0	19,066
		Huntington	4	5	0	3	0	0	49,242
		Morgantown	4	1	0	0	1	0	28,317
		Princeton	4	0	0	1	0	0	6,228
		Ronceverte	4	0	1	0	0	0	1,545
		South Charleston	4	2	0	0	0	0	12,711
	Metropolitan Counties			2	0	3	0	0	
		Hancock	4	1	0	0	0	0	
		Kanawha	4	1	0	2	0	0	
		Preston	4	0	0	1	0	0	
	Nonmetropolitan Counties			6	1	0	0	0	
		Fayette	4	1	0	0	0	0	
		Harrison	4	0	1	0	0	0	
		Jackson	4	1	0	0	0	0	
		Marion	4	1	0	0	0	0	
		Raleigh	4	3	0	0	0	0	
WISCONSIN	Total			44	12	12	15	1	
	Cities			39	9	10	15	0	
		Appleton	4	1	0	0	4	0	70,475
		Fond du Lac	4	0	0	2	2	0	42,591
		Grand Chute	4	1	0	0	0	0	20,350
		Hayward	4	2	0	0	0	0	2,301
		Janesville	4	2	0	0	0	0	62,189
		Kenosha	4	1	0	0	0	0	95,589
		La Crosse	4	1	0	0	0	0	50,471
		Madison	4	2	1	1	0	0	222,364
		Marshfield	4	0	0	0	1	0	18,865
		Milwaukee	4	25	6	6	7	0	581,005
		North Fond du Lac	4	1	0	0	0	0	5,042
		Richland Center	4	0	1	0	0	0	5,196
		River Falls	4	0	1	0	0	0	13,303
		Sheboygan	4	1	0	0	0	0	49,051
		Stoughton	4	1	0	0	0	0	12,692
		Wausau	4	1	0	1	1	0	37,429
	Universities and Colleges			2	2	1	0	0	
		University of Wisconsin:							
		Eau Claire	4	0	1	0	0	0	
		Green Bay	4	0	0	1	0	0	
		Platteville	4	2	1	0	0	0	
	Metropolitan Counties			1	0	0	0	1	
		Columbia	4	1	0	0	0	0	
		Fond du Lac	4	0	0	0	0	1	
	Nonmetropolitan Counties			2	1	1	0	0	
		Green Lake	4	0	1	0	0	0	
		Juneau	4	0	0	1	0	0	
		Oneida	4	1	0	0	0	0	
		Washburn	4	1	0	0	0	0	
WYOMING	Total			2	0	2	1	0	
	Cities			1	0	2	1	0	
		Casper	4	0	0	1	0	0	52,318
		Laramie	4	1	0	1	0	0	26,342
		Saratoga	3	0	0	0	1	0	1,733
	Nonmetropolitan Counties			1	0	0	0	0	
		Campbell	4	1	0	0	0	0	
OUTLYING AREAS	Total			4	0	0	0	0	
		Guam	1	4	0	0	0	0	
1Population figures are published only for the cities.									
2Includes one incident reported with more than one bias motivation.									
